Time_t;theoretical
2017-05-09 22:00;0
2017-05-09 22:15;-0.0299410767706405
2017-05-09 22:30;-0.00278162094388534
2017-05-09 22:45;0.0592880341039148
2017-05-09 23:00;0.0360594953472102
2017-05-09 23:15;0.0827112932167964
2017-05-09 23:30;0.00662720650436199
2017-05-09 23:45;-0.0135844820816899
2017-05-10 00:00;-0.0798570520949085
2017-05-10 00:15;-0.134763131931869
2017-05-10 00:30;-0.128113608573067
2017-05-10 00:45;-0.11591336228431
2017-05-10 01:00;-0.146116300323115
2017-05-10 01:15;-0.168894302428185
2017-05-10 01:30;-0.20347002031604
2017-05-10 01:45;-0.201842030512807
2017-05-10 02:00;-0.176960966103337
2017-05-10 02:15;-0.194432733432606
2017-05-10 02:30;-0.190977687539366
2017-05-10 02:45;-0.225100883742321
2017-05-10 03:00;-0.22484411909408
2017-05-10 03:15;-0.263200845330985
2017-05-10 03:30;-0.26509867588608
2017-05-10 03:45;-0.181674060728483
2017-05-10 04:00;-0.14526163454719
2017-05-10 04:15;-0.129111724025378
2017-05-10 04:30;-0.16003716244726
2017-05-10 04:45;-0.0271227672849577
2017-05-10 05:00;-0.132733593249718
2017-05-10 05:15;0.00352811793093366
2017-05-10 05:30;0.230628624104128
2017-05-10 05:45;0.303598107546627
2017-05-10 06:00;0.367373623155217
2017-05-10 06:15;0.479516199975379
2017-05-10 06:30;0.260856188347901
2017-05-10 06:45;0.102959047913366
2017-05-10 07:00;-0.708208244007807
2017-05-10 07:15;-0.916550294118601
2017-05-10 07:30;-0.838371772974597
2017-05-10 07:45;-1.17720437698259
2017-05-10 08:00;-1.30750675053483
2017-05-10 08:15;-1.99479137327617
2017-05-10 08:30;-2.04650397967151
2017-05-10 08:45;-1.69636538591164
2017-05-10 09:00;-1.75902373089209
2017-05-10 09:15;-1.64531938547527
2017-05-10 09:30;-2.10043441876767
2017-05-10 09:45;-2.17063425317532
2017-05-10 10:00;-2.13598754969096
2017-05-10 10:15;-2.27579173295865
2017-05-10 10:30;-2.08049987333231
2017-05-10 10:45;-2.63123600526599
2017-05-10 11:00;-2.52662076193319
2017-05-10 11:15;-2.24475194656362
2017-05-10 11:30;-2.56075473603652
2017-05-10 11:45;-2.42392847720873
2017-05-10 12:00;-2.03383607797409
2017-05-10 12:15;-1.86464140210996
2017-05-10 12:30;-1.99734953390448
2017-05-10 12:45;-1.81638673230957
2017-05-10 13:00;-2.17104706777612
2017-05-10 13:15;-1.84386550768937
2017-05-10 13:30;-2.0397268542721
2017-05-10 13:45;-2.16126074741257
2017-05-10 14:00;-1.8753877870418
2017-05-10 14:15;-2.29987305903379
2017-05-10 14:30;-2.223753334296
2017-05-10 14:45;-2.24518174379028
2017-05-10 15:00;-2.31501606567738
2017-05-10 15:15;-2.23686201284747
2017-05-10 15:30;-2.08625823597914
2017-05-10 15:45;-2.16796288221541
2017-05-10 16:00;-1.97655327866458
2017-05-10 16:15;-2.31395600836692
2017-05-10 16:30;-2.00706605584529
2017-05-10 16:45;-1.96282465144659
2017-05-10 17:00;-1.90427772486826
2017-05-10 17:15;-1.81109979051538
2017-05-10 17:30;-1.75180663399211
2017-05-10 17:45;-1.51819103373479
2017-05-10 18:00;-1.23654242284561
2017-05-10 18:15;-1.1920807758674
2017-05-10 18:30;-1.02399609044107
2017-05-10 18:45;-0.705238205946394
2017-05-10 19:00;-0.627348848167607
2017-05-10 19:15;-0.670320672680091
2017-05-10 19:30;-0.854493122393961
2017-05-10 19:45;-0.76967170377533
2017-05-10 20:00;-0.483757265897538
2017-05-10 20:15;-0.585910626786792
2017-05-10 20:30;-0.691268484336888
2017-05-10 20:45;-0.372640120465483
2017-05-10 21:00;-0.245090534441623
2017-05-10 21:15;-0.259144233818361
2017-05-10 21:30;-0.480140450250438
2017-05-10 21:45;-0.443418702620626
2017-05-10 22:00;-0.425565978631248
2017-05-10 22:15;-0.580400314455225
2017-05-10 22:30;-0.318374277326619
2017-05-10 22:45;-0.344306659724687
2017-05-10 23:00;-0.37167201368257
2017-05-10 23:15;-0.385838108008208
2017-05-10 23:30;-0.341196586434876
2017-05-10 23:45;-0.335304863051384
2017-05-11 00:00;-0.348061182282812
2017-05-11 00:15;-0.39736489738597
2017-05-11 00:30;-0.433274088582827
2017-05-11 00:45;-0.434691682638977
2017-05-11 01:00;-0.445453784674484
2017-05-11 01:15;-0.428113028306022
2017-05-11 01:30;-0.371207007216796
2017-05-11 01:45;-0.344977326818452
2017-05-11 02:00;-0.407566530770865
2017-05-11 02:15;-0.423787047865225
2017-05-11 02:30;-0.35146996305042
2017-05-11 02:45;-0.414564088449197
2017-05-11 03:00;-0.35693821247348
2017-05-11 03:15;-0.263456767775757
2017-05-11 03:30;-0.304909202813455
2017-05-11 03:45;-0.260815557418262
2017-05-11 04:00;-0.153025035295656
2017-05-11 04:15;-0.212234331783641
2017-05-11 04:30;0.00593589248582305
2017-05-11 04:45;-0.310702975530603
2017-05-11 05:00;-0.380950629180049
2017-05-11 05:15;-0.316300233550145
2017-05-11 05:30;-0.274114998145699
2017-05-11 05:45;-0.320460294533113
2017-05-11 06:00;-0.795340354432831
2017-05-11 06:15;-1.07915456566972
2017-05-11 06:30;-1.15117458839482
2017-05-11 06:45;-1.14868126406884
2017-05-11 07:00;-1.41083777237514
2017-05-11 08:00;-1.3083927627324
2017-05-11 08:15;-1.19861800299525
2017-05-11 08:30;-0.911702881448285
2017-05-11 08:45;-1.19678883713832
2017-05-11 09:00;-1.30144553644417
2017-05-11 09:15;-1.24479191950542
2017-05-11 09:30;-1.38404921191502
2017-05-11 09:45;-1.21292274570632
2017-05-11 10:00;-1.37622604603945
2017-05-11 10:15;-0.964536526855632
2017-05-11 10:30;-1.41232990538551
2017-05-11 10:45;-1.64592741013952
2017-05-11 11:00;-1.49567656200693
2017-05-11 11:15;-1.61475915026467
2017-05-11 11:30;-1.57083671096675
2017-05-11 11:45;-0.67839537407869
2017-05-11 12:00;-1.69325197804267
2017-05-11 12:15;-1.53079979533585
2017-05-11 12:30;-1.24808167300956
2017-05-11 12:45;-1.78221089621916
2017-05-11 13:30;-1.42488166257999
2017-05-11 13:45;-1.73142267538475
2017-05-11 14:00;-1.74937079052679
2017-05-11 14:15;-2.01712829095197
2017-05-11 14:30;-1.76287868756513
2017-05-11 14:45;-1.50249611668678
2017-05-11 15:00;-2.36838733092812
2017-05-11 15:15;-1.58103882086125
2017-05-11 15:30;-1.67484291046475
2017-05-11 15:45;-2.03533024827728
2017-05-11 16:00;-1.93339634207458
2017-05-11 16:15;-2.01087152034775
2017-05-11 16:30;-2.16046269933037
2017-05-11 16:45;-2.07577850016121
2017-05-11 17:00;-2.20823042454021
2017-05-11 17:15;-1.43109203914904
2017-05-11 17:30;-1.39009577390072
2017-05-11 17:45;-1.2064153421645
2017-05-11 18:00;-0.948283152254731
2017-05-11 18:15;-0.394174334999299
2017-05-11 18:30;-0.0734489770074376
2017-05-11 18:45;0.417716408931859
2017-05-11 19:00;0.223187459892323
2017-05-11 19:15;0.665549356744741
2017-05-11 19:30;0.533302306805943
2017-05-11 19:45;1.0477629870819
2017-05-11 20:00;0.782497592636823
2017-05-11 20:15;1.27286740645707
2017-05-11 20:30;0.98644442180823
2017-05-11 20:45;0.930915109991624
2017-05-11 21:00;0.913824718228071
2017-05-11 21:15;1.03692801309809
2017-05-11 21:30;1.1754606612903
2017-05-11 21:45;1.13748430465325
2017-05-11 22:00;0.824678494389062
2017-05-11 22:15;1.03207999221687
2017-05-11 22:30;0.861222269439999
2017-05-11 22:45;0.862551066712903
2017-05-11 23:00;0.809865159997983
2017-05-11 23:15;0.738475812959166
2017-05-11 23:30;0.78707905090868
2017-05-11 23:45;0.867578971820343
2017-05-12 00:00;0.806605292853362
2017-05-12 00:15;0.873636504529863
2017-05-12 00:30;0.969329898005874
2017-05-12 00:45;0.95151768053897
2017-05-12 01:00;0.983196497203508
2017-05-12 01:15;1.08660385306744
2017-05-12 01:30;1.10127255178418
2017-05-12 01:45;1.09060354191421
2017-05-12 02:00;1.18183628854997
2017-05-12 02:15;1.17078494391465
2017-05-12 02:30;1.12496953631127
2017-05-12 02:45;1.13772333134963
2017-05-12 03:00;1.13064503056589
2017-05-12 03:15;1.10690708192896
2017-05-12 03:30;1.22269400697335
2017-05-12 03:45;1.20270786834035
2017-05-12 04:00;1.19270211108488
2017-05-12 04:15;1.23901843018421
2017-05-12 04:30;1.31110483874342
2017-05-12 04:45;1.37292099374115
2017-05-12 05:00;1.43781462195538
2017-05-12 05:15;1.40051291591329
2017-05-12 05:30;1.48313626610043
2017-05-12 05:45;1.55827932769431
2017-05-12 06:00;1.62722498816115
2017-05-12 06:15;1.73889167614895
2017-05-12 06:30;1.85553786849853
2017-05-12 06:45;2.01658487564492
2017-05-12 07:00;2.12508664582869
2017-05-12 07:15;2.25741442657301
2017-05-12 07:30;2.26090265927991
2017-05-12 07:45;2.26073109370947
2017-05-12 08:00;2.31925668144017
2017-05-12 08:15;2.45069707367296
2017-05-12 08:30;2.56320069178629
2017-05-12 08:45;2.74075437222074
2017-05-12 09:00;2.7110780959819
2017-05-12 09:15;2.74315967978288
2017-05-12 09:30;2.79568136236499
2017-05-12 09:45;2.87821755585014
2017-05-12 10:00;2.85745243404783
2017-05-12 10:15;2.98256141484971
2017-05-12 10:30;3.12288338709737
2017-05-12 10:45;3.13201349707387
2017-05-12 11:00;3.15835654287507
2017-05-12 11:15;3.09683365025992
2017-05-12 11:30;3.46687297205303
2017-05-12 11:45;3.39626572957857
2017-05-12 12:00;3.14774047355085
2017-05-12 12:15;3.22663621812269
2017-05-12 12:30;3.33564382282697
2017-05-12 12:45;3.1157503313776
2017-05-12 13:00;2.66737930786535
2017-05-12 13:15;2.57616571711534
2017-05-12 13:30;2.40082887201261
2017-05-12 13:45;2.25669505365461
2017-05-12 14:00;2.44409609365427
2017-05-12 14:15;2.27742105171818
2017-05-12 14:30;2.51364593820443
2017-05-12 14:45;2.47889933779643
2017-05-12 15:00;2.5286569865087
2017-05-12 15:15;2.59122532608583
2017-05-12 15:30;2.58270757067231
2017-05-12 15:45;2.55168481692973
2017-05-12 16:00;2.62280408143697
2017-05-12 16:15;2.46833968166558
2017-05-12 16:30;2.46191752088115
2017-05-12 16:45;2.30573011514745
2017-05-12 17:00;2.30394775151592
2017-05-12 17:15;2.45514548411222
2017-05-12 17:30;2.45692303602734
2017-05-12 17:45;2.38048607841945
2017-05-12 18:00;2.44758565746148
2017-05-12 18:15;2.44082100681265
2017-05-12 18:30;2.43713238743887
2017-05-12 18:45;2.53027377911656
2017-05-12 19:00;2.59610406953844
2017-05-12 19:15;2.67877148258815
2017-05-12 19:30;2.70807748688192
2017-05-12 19:45;2.75442680192407
2017-05-12 20:00;2.79611505671254
2017-05-12 20:15;2.80436126805725
2017-05-12 20:30;2.86352022674399
2017-05-12 20:45;2.88710400608375
2017-05-12 21:00;2.88080964445801
2017-05-12 21:15;2.89945137648504
2017-05-12 21:30;2.87520448026644
2017-05-12 21:45;2.81381537834383
2017-05-12 22:00;2.84494433149077
2017-05-12 22:15;2.79305226757518
2017-05-12 22:30;2.81090843143009
2017-05-12 22:45;2.75362851318032
2017-05-12 23:00;2.72716606113507
2017-05-12 23:15;2.73326382783015
2017-05-12 23:30;2.73909424270247
2017-05-12 23:45;2.76436309153021
2017-05-13 00:00;2.78512100183705
2017-05-13 00:15;2.77932491649199
2017-05-13 00:30;2.80731475701899
2017-05-13 00:45;2.80440983598309
2017-05-13 01:00;2.78190560601345
2017-05-13 01:15;2.76937724793813
2017-05-13 01:30;2.79593386294272
2017-05-13 01:45;2.83043063321941
2017-05-13 02:00;2.84350214703704
2017-05-13 02:15;2.80693561479076
2017-05-13 02:30;2.80317812202407
2017-05-13 02:45;2.83998442687348
2017-05-13 03:00;2.81965631036607
2017-05-13 03:15;2.83470203332745
2017-05-13 03:30;2.87213380877919
2017-05-13 03:45;2.85933837469446
2017-05-13 04:00;2.90222621174591
2017-05-13 04:15;2.95897963261509
2017-05-13 04:30;3.00364236055749
2017-05-13 04:45;3.00545992157589
2017-05-13 05:00;3.02090419821376
2017-05-13 05:15;3.07824267628221
2017-05-13 05:30;3.08622701087828
2017-05-13 05:45;3.13976342378204
2017-05-13 06:00;3.17428740372102
2017-05-13 06:15;3.18651066384707
2017-05-13 06:30;3.17705473396827
2017-05-13 06:45;3.2182871856408
2017-05-13 07:00;3.23409326705719
2017-05-13 07:15;3.38330267673408
2017-05-13 07:30;3.28803328278068
2017-05-13 07:45;3.36286208455788
2017-05-13 08:00;3.35371207473216
2017-05-13 08:15;3.34066981826602
2017-05-13 08:30;3.41636432538272
2017-05-13 08:45;3.32954005985378
2017-05-13 09:00;3.32483873957223
2017-05-13 09:15;3.23862701913902
2017-05-13 09:30;3.19228825777876
2017-05-13 09:45;3.04013559381623
2017-05-13 10:00;3.13134673790003
2017-05-13 10:15;3.15675434816734
2017-05-13 10:30;2.99591626933383
2017-05-13 10:45;3.01725526116356
2017-05-13 11:00;2.96335872092838
2017-05-13 11:15;2.98980894380184
2017-05-13 11:30;2.83207691259103
2017-05-13 11:45;2.91710621677062
2017-05-13 12:00;2.79167839133229
2017-05-13 12:15;2.64565081287115
2017-05-13 12:30;2.74685804009637
2017-05-13 12:45;2.83712872426827
2017-05-13 13:00;2.76118852442389
2017-05-13 13:15;2.76962628392255
2017-05-13 13:30;2.79402284194083
2017-05-13 13:45;2.80651222189637
2017-05-13 14:00;2.77975963014408
2017-05-13 14:15;2.81702933269494
2017-05-13 14:30;2.85888220689323
2017-05-13 14:45;2.72992496406312
2017-05-13 15:00;2.85480516294377
2017-05-13 15:15;2.81830840247618
2017-05-13 15:30;2.9615234717901
2017-05-13 15:45;2.92565540762507
2017-05-13 16:00;3.01095821871928
2017-05-13 16:15;3.04171609553749
2017-05-13 16:30;3.08954582229399
2017-05-13 16:45;3.08499162574431
2017-05-13 17:00;3.11890087188106
2017-05-13 17:15;3.18436947173134
2017-05-13 17:30;3.17246006148861
2017-05-13 17:45;3.17845864547726
2017-05-13 18:00;3.1679712280018
2017-05-13 18:15;3.19450069239649
2017-05-13 18:30;3.11964725900881
2017-05-13 18:45;3.17520249442123
2017-05-13 19:00;3.06630563654441
2017-05-13 19:15;3.0276832384536
2017-05-13 19:30;3.1596150044923
2017-05-13 19:45;3.02822267597249
2017-05-13 20:00;2.90318134618116
2017-05-13 20:15;2.86283320290941
2017-05-13 20:30;2.92680177583397
2017-05-13 20:45;2.97976734543124
2017-05-13 21:00;2.97813421938049
2017-05-13 21:15;2.92713409119923
2017-05-13 21:30;2.96631340538666
2017-05-13 21:45;3.04288899533538
2017-05-13 22:00;3.1130358904951
2017-05-13 22:15;3.09015471813286
2017-05-13 22:30;3.09015471813286
2017-05-13 22:45;3.16369276697405
2017-05-13 23:00;3.30301090199112
2017-05-13 23:15;3.23379917740937
2017-05-13 23:30;3.27241492381677
2017-05-13 23:45;3.18325524601679
2017-05-14 00:00;3.0212721375059
2017-05-14 00:15;3.01873370131378
2017-05-14 00:30;2.80129329208558
2017-05-14 00:45;2.80709461851531
2017-05-14 01:00;2.63427994989387
2017-05-14 01:15;2.53996122970531
2017-05-14 01:30;2.4602625965812
2017-05-14 01:45;2.30358305053905
2017-05-14 02:00;2.11186761656773
2017-05-14 02:15;2.20355164632544
2017-05-14 02:30;2.22848861588619
2017-05-14 02:45;2.32280284284996
2017-05-14 03:00;2.312778457674
2017-05-14 03:15;2.31852349676554
2017-05-14 03:30;2.31166070315751
2017-05-14 03:45;2.24913237918649
2017-05-14 04:00;2.36583805616139
2017-05-14 04:15;2.27028894612049
2017-05-14 04:30;2.62470465452753
2017-05-14 04:45;2.51313850948201
2017-05-14 05:00;2.55559985897888
2017-05-14 05:15;2.90023319042711
2017-05-14 05:30;3.22575209984944
2017-05-14 05:45;3.12919009305628
2017-05-14 06:00;3.24209240942545
2017-05-14 06:15;3.14083321739432
2017-05-14 06:30;3.12626614622491
2017-05-14 06:45;3.30421873728268
2017-05-14 07:00;2.77807508706133
2017-05-14 07:15;2.3581600927244
2017-05-14 07:30;2.37753638501272
2017-05-14 07:45;2.00904520630943
2017-05-14 08:00;2.13703480836
2017-05-14 08:15;1.72793411895437
2017-05-14 08:30;1.69835374145897
2017-05-14 08:45;1.47729926495548
2017-05-14 09:00;2.36151805337463
2017-05-14 09:15;1.71797172464787
2017-05-14 09:30;1.45638232502346
2017-05-14 09:45;1.45759558741704
2017-05-14 10:00;1.17183184424588
2017-05-14 10:15;0.917844421150761
2017-05-14 10:30;0.49047105159908
2017-05-14 10:45;1.44064860932986
2017-05-14 11:00;0.514849607970618
2017-05-14 11:15;0.43612360133838
2017-05-14 11:30;-0.115872810874066
2017-05-14 11:45;0.00981417297325038
2017-05-14 12:00;-0.0734303493437167
2017-05-14 12:15;-0.277057630470559
2017-05-14 12:30;-0.653302125776463
2017-05-14 12:45;-0.834641375762679
2017-05-14 13:00;-0.452725286120511
2017-05-14 13:15;-1.17750240796214
2017-05-14 13:30;-1.40210327710599
2017-05-14 13:45;-1.44708070816714
2017-05-14 14:00;-1.0216357726553
2017-05-14 14:15;-0.912766211574564
2017-05-14 14:30;-1.14296046573156
2017-05-14 14:45;-0.845245369454425
2017-05-14 15:00;-1.28996992044115
2017-05-14 15:15;-1.05891485441865
2017-05-14 15:30;-1.3123930725728
2017-05-14 15:45;-0.676783527566258
2017-05-14 16:00;-1.06484482693092
2017-05-14 16:15;-1.43138830758003
2017-05-14 16:30;-0.651009704606011
2017-05-14 16:45;-0.207669304007176
2017-05-14 17:00;0.24244525112907
2017-05-14 17:15;0.379303431106969
2017-05-14 17:30;0.313564948018808
2017-05-14 17:45;0.68308277759153
2017-05-14 18:00;0.4195853889563
2017-05-14 18:15;0.254993240655992
2017-05-14 18:30;1.4737387335553
2017-05-14 18:45;1.95992875086721
2017-05-14 19:00;1.76105436434796
2017-05-14 19:15;1.6280732965175
2017-05-14 19:30;2.2120837020514
2017-05-14 19:45;1.71509084477987
2017-05-14 20:00;1.91426887169014
2017-05-14 20:15;2.02591997775851
2017-05-14 20:30;2.0964826254535
2017-05-14 20:45;2.25673370218663
2017-05-14 21:00;2.26998148468873
2017-05-14 21:15;2.18509317495482
2017-05-14 21:30;2.21104117130528
2017-05-14 21:45;1.97804966057332
2017-05-14 22:00;2.09012077180569
2017-05-14 22:15;2.15629135304106
2017-05-14 22:30;2.01806242374218
2017-05-14 22:45;2.12153477804521
2017-05-14 23:00;2.061097831952
2017-05-14 23:15;2.2407729425307
2017-05-14 23:30;2.24132633586804
2017-05-14 23:45;2.10914199528769
2017-05-15 00:00;2.11209235087641
2017-05-15 00:15;2.08709839811225
2017-05-15 00:30;2.15816006142018
2017-05-15 00:45;2.10241680964011
2017-05-15 01:00;2.07791421378049
2017-05-15 01:15;1.87622648634007
2017-05-15 01:30;1.72894495488822
2017-05-15 01:45;1.70654290921027
2017-05-15 02:00;1.91235921810049
2017-05-15 02:15;1.74591839844755
2017-05-15 02:30;1.71620419763808
2017-05-15 02:45;1.77146035570556
2017-05-15 03:00;1.59043870554003
2017-05-15 03:15;1.70538742479497
2017-05-15 03:30;1.80591526562837
2017-05-15 03:45;2.1126889600278
2017-05-15 04:00;2.29251788670452
2017-05-15 04:15;2.1130734216315
2017-05-15 04:30;2.27587488529839
2017-05-15 04:45;2.36649546170166
2017-05-15 05:00;1.94764102162533
2017-05-15 05:15;2.31237503581229
2017-05-15 05:30;2.18494662511313
2017-05-15 05:45;2.37561551810143
2017-05-15 06:00;2.247964902288
2017-05-15 06:15;1.46084001695112
2017-05-15 06:30;1.51357616548221
2017-05-15 06:45;2.07791081635503
2017-05-15 07:00;1.43146293815241
2017-05-15 07:15;1.59247562329864
2017-05-15 07:30;2.01608807017432
2017-05-15 08:45;1.43239956039223
2017-05-15 09:00;1.4135405585263
2017-05-15 09:15;1.60901799575173
2017-05-15 09:30;1.94206362941291
2017-05-15 09:45;1.41605228399288
2017-05-15 10:00;1.41463349922608
2017-05-15 10:15;0.160173042346415
2017-05-15 10:30;-0.289902215700998
2017-05-15 10:45;-0.106605254400698
2017-05-15 11:00;-0.0785805499682724
2017-05-15 11:15;0.556404344284175
2017-05-15 11:30;1.45427542321004
2017-05-15 11:45;1.63467061202419
2017-05-15 12:00;0.644718712263796
2017-05-15 12:15;0.400325933748832
2017-05-15 12:30;0.359781871311647
2017-05-15 12:45;2.15033472608656
2017-05-15 13:00;2.82034831509144
2017-05-15 13:15;2.71032465937721
2017-05-15 13:30;2.40442739077297
2017-05-15 13:45;1.87442101065795
2017-05-15 14:00;1.83658656130028
2017-05-15 14:15;2.28966922867134
2017-05-15 14:30;2.71151863284123
2017-05-15 14:45;2.6077018459973
2017-05-15 15:00;2.98023471961158
2017-05-15 16:00;3.18710499059055
2017-05-15 16:15;3.05367716512067
2017-05-15 16:30;3.26015732827307
2017-05-15 16:45;3.24413516153817
2017-05-15 17:00;3.12227973115964
2017-05-15 17:15;3.08952542354693
2017-05-15 17:30;3.13937253347473
2017-05-15 17:45;3.75002008111066
2017-05-15 18:00;4.05847190728066
2017-05-15 18:15;4.25404164184947
2017-05-15 18:30;4.21174890118296
2017-05-15 18:45;4.16525530790154
2017-05-15 19:00;4.09038392852039
2017-05-15 19:15;3.9428281948857
2017-05-15 19:30;3.99286933992127
2017-05-15 19:45;3.85957456140693
2017-05-15 20:00;3.87616491056317
2017-05-15 20:15;4.00754935850441
2017-05-15 20:30;4.01998592035194
2017-05-15 20:45;4.06794297334388
2017-05-15 21:00;4.05302059854562
2017-05-15 21:15;4.02743580894633
2017-05-15 21:30;3.9691653693128
2017-05-15 21:45;3.95349358555851
2017-05-15 22:00;3.86007000576429
2017-05-15 22:15;3.73583575936936
2017-05-15 22:30;3.65373704060786
2017-05-15 22:45;3.65443429869205
2017-05-15 23:00;3.74018166428576
2017-05-15 23:15;3.69486050304781
2017-05-15 23:30;3.62257402018437
2017-05-15 23:45;3.58040987992162
2017-05-16 00:00;3.56269410457672
2017-05-16 00:15;3.38899057757082
2017-05-16 00:30;3.28887725437885
2017-05-16 00:45;3.31025116962039
2017-05-16 01:00;3.15406430723802
2017-05-16 01:15;3.03367859135633
2017-05-16 01:30;3.02121007353961
2017-05-16 01:45;3.06105299636015
2017-05-16 02:00;3.0434718282091
2017-05-16 02:15;3.05594541535842
2017-05-16 02:30;3.07004057193912
2017-05-16 02:45;3.14735757083615
2017-05-16 03:00;3.16417348442168
2017-05-16 03:15;3.37402469984764
2017-05-16 03:30;3.35577960320933
2017-05-16 03:45;3.37861665338277
2017-05-16 04:00;3.43537747401644
2017-05-16 04:15;3.47196301527088
2017-05-16 04:30;3.50064985511977
2017-05-16 04:45;3.75756376827331
2017-05-16 05:00;3.77981652097164
2017-05-16 05:15;3.93864868249698
2017-05-16 05:30;3.97918204884482
2017-05-16 05:45;4.060161662092
2017-05-16 06:00;4.06372398480456
2017-05-16 06:15;4.09284699452908
2017-05-16 06:30;4.1250324148109
2017-05-16 06:45;4.21190027913536
2017-05-16 07:00;4.21876548638718
2017-05-16 07:15;4.28160918877879
2017-05-16 07:30;4.30392931361619
2017-05-16 07:45;4.20969499885104
2017-05-16 08:00;4.10318339627768
2017-05-16 08:15;3.97539440725095
2017-05-16 08:30;3.96443520095296
2017-05-16 08:45;4.34840454525558
2017-05-16 09:00;4.02557604239067
2017-05-16 09:15;3.97132435257048
2017-05-16 09:30;3.86442936467991
2017-05-16 09:45;3.62910428052088
2017-05-16 10:00;3.18189343147363
2017-05-16 10:15;2.87966644785354
2017-05-16 10:30;3.45715439975509
2017-05-16 10:45;2.35584723122064
2017-05-16 11:00;2.53239648332757
2017-05-16 11:15;2.76356195617264
2017-05-16 11:30;2.71679739407472
2017-05-16 11:45;3.37976210260103
2017-05-16 12:00;3.536132145272
2017-05-16 12:15;3.43417434198908
2017-05-16 12:30;3.63333872988235
2017-05-16 12:45;3.09375524139406
2017-05-16 13:00;3.28041929182034
2017-05-16 13:15;3.32578956771184
2017-05-16 13:30;3.4116071299171
2017-05-16 13:45;3.33497761977214
2017-05-16 14:00;3.33944464572604
2017-05-16 14:15;2.68694457469427
2017-05-16 14:30;2.44459954322059
2017-05-16 14:45;3.14376881615075
2017-05-16 15:00;2.80633047857239
2017-05-16 15:15;3.27179822335948
2017-05-16 15:30;3.49093132615042
2017-05-16 15:45;3.17824114741658
2017-05-16 16:00;3.20385012286452
2017-05-16 16:15;3.06562936997221
2017-05-16 16:30;2.88787632279279
2017-05-16 16:45;2.74829818040831
2017-05-16 17:00;3.02742932902862
2017-05-16 17:15;3.13578960040416
2017-05-16 17:30;2.71243490595241
2017-05-16 17:45;3.10491373181807
2017-05-16 18:00;3.29315326863173
2017-05-16 18:15;3.21579931832169
2017-05-16 18:30;3.51202037342618
2017-05-16 18:45;3.455340316817
2017-05-16 19:00;3.6276755234666
2017-05-16 19:15;3.51984928713949
2017-05-16 19:30;3.35100865042151
2017-05-16 19:45;3.25195065533567
2017-05-16 20:00;3.36537635316703
2017-05-16 20:15;3.1110065920921
2017-05-16 20:30;2.95437479633818
2017-05-16 20:45;2.65049858853389
2017-05-16 21:00;2.76381836855727
2017-05-16 21:15;2.58675434616811
2017-05-16 21:30;2.50183683619213
2017-05-16 21:45;2.44583678526369
2017-05-16 22:00;2.38433712245088
2017-05-16 22:15;2.41236026107507
2017-05-16 22:30;2.47403907570191
2017-05-16 22:45;2.35414760492752
2017-05-16 23:00;2.22412768688368
2017-05-16 23:15;2.18793057936121
2017-05-16 23:30;2.17010070910692
2017-05-16 23:45;2.10390912340853
2017-05-17 00:00;2.08142227125448
2017-05-17 00:15;2.09781868458207
2017-05-17 00:30;2.07611003738611
2017-05-17 00:45;2.14857936820542
2017-05-17 01:00;2.16605701377573
2017-05-17 01:15;2.33162357636908
2017-05-17 01:30;2.43144945364566
2017-05-17 01:45;2.47303783063143
2017-05-17 02:00;2.37819189573618
2017-05-17 02:15;2.51149004791294
2017-05-17 02:30;2.48190339975315
2017-05-17 02:45;2.57800200590064
2017-05-17 03:00;2.57010279227197
2017-05-17 03:15;2.58076979188446
2017-05-17 03:30;2.46700716354501
2017-05-17 03:45;2.39348771233351
2017-05-17 04:00;2.51777038352018
2017-05-17 04:15;2.56646285365882
2017-05-17 04:30;2.73593615844416
2017-05-17 04:45;2.82367828764184
2017-05-17 05:00;3.31311561511394
2017-05-17 05:15;3.32307402789152
2017-05-17 05:30;3.12853908043525
2017-05-17 05:45;2.64478996475457
2017-05-17 06:00;2.57703632871453
2017-05-17 06:15;2.18598836762614
2017-05-17 06:30;2.50600365217201
2017-05-17 06:45;2.66299571790983
2017-05-17 07:00;2.4453251822024
2017-05-17 07:15;2.24192961775832
2017-05-17 07:30;2.56696497826739
2017-05-17 07:45;2.77989082544853
2017-05-17 08:00;2.26466929412452
2017-05-17 08:15;2.24019589396225
2017-05-17 08:30;2.01703739850474
2017-05-17 08:45;2.14254357831862
2017-05-17 09:00;1.06956289378536
2017-05-17 09:15;1.27520488306143
2017-05-17 09:30;1.44468231403117
2017-05-17 09:45;0.385416778153186
2017-05-17 10:00;0.176128115790888
2017-05-17 10:15;0.0841091221780914
2017-05-17 10:30;-0.505099057424381
2017-05-17 10:45;0.212864944742755
2017-05-17 11:00;-0.411266660663877
2017-05-17 11:15;-0.31386143952809
2017-05-17 11:30;-0.107095630061352
2017-05-17 11:45;0.112247173485315
2017-05-17 12:00;-0.00748690297992738
2017-05-17 12:15;0.0899060027387719
2017-05-17 12:30;0.335142233981522
2017-05-17 12:45;-0.261001687892374
2017-05-17 13:00;0.113501004969983
2017-05-17 13:15;-0.00476867495640931
2017-05-17 13:30;-0.517710383029538
2017-05-17 13:45;-0.316043506983782
2017-05-17 14:00;0.203927479584749
2017-05-17 14:15;-0.0682493715177372
2017-05-17 14:30;0.179551228266654
2017-05-17 14:45;-0.297924554198431
2017-05-17 15:00;0.437218874580211
2017-05-17 15:15;-0.182099409440688
2017-05-17 15:30;0.353167089085829
2017-05-17 15:45;-0.207453315371296
2017-05-17 16:00;-0.00906112581388641
2017-05-17 16:15;0.0970707467455938
2017-05-17 16:30;1.1067606289423
2017-05-17 16:45;0.17398148908736
2017-05-17 17:00;0.714867314860797
2017-05-17 17:15;0.905552695749314
2017-05-17 17:30;1.10114482437815
2017-05-17 17:45;1.08435244675849
2017-05-17 18:00;1.06206884312355
2017-05-17 18:15;1.44138158484223
2017-05-17 18:30;1.25059776771504
2017-05-17 18:45;1.3214413035456
2017-05-17 19:00;1.38353322475226
2017-05-17 19:15;1.65490292664138
2017-05-17 19:30;1.79797808703704
2017-05-17 19:45;1.69775172147369
2017-05-17 20:00;2.53685334449094
2017-05-17 20:15;2.1985995266286
2017-05-17 20:30;2.52743988753819
2017-05-17 20:45;2.30884421934459
2017-05-17 21:00;2.50250105940582
2017-05-17 21:15;2.36920787094935
2017-05-17 21:30;2.35561428749678
2017-05-17 21:45;2.32295025804535
2017-05-17 22:00;2.36269777611419
2017-05-17 22:15;2.22498336005042
2017-05-17 22:30;2.51285113098268
2017-05-17 22:45;2.47207575552843
2017-05-17 23:00;2.39342953506742
2017-05-17 23:15;2.33928508163294
2017-05-17 23:30;2.25781784933289
2017-05-17 23:45;2.17997125972555
2017-05-18 00:00;2.1636531704862
2017-05-18 00:15;2.1800214492912
2017-05-18 00:30;2.10481763357197
2017-05-18 00:45;2.12818812014006
2017-05-18 01:00;2.0761865714686
2017-05-18 01:15;2.03590726073345
2017-05-18 01:30;2.02251795582484
2017-05-18 01:45;2.02017734190627
2017-05-18 02:00;1.97718511325058
2017-05-18 02:15;2.01584827951365
2017-05-18 02:30;1.92460224174328
2017-05-18 02:45;1.82808546711576
2017-05-18 03:00;1.70522514321207
2017-05-18 03:15;1.8478945381032
2017-05-18 03:30;1.83018426710133
2017-05-18 03:45;2.0389723073099
2017-05-18 04:00;2.19402910049472
2017-05-18 04:15;2.24712258393391
2017-05-18 04:30;2.24055311836013
2017-05-18 04:45;2.15362857982238
2017-05-18 05:00;2.08669507221106
2017-05-18 05:15;2.39564749125545
2017-05-18 05:30;2.23192541816424
2017-05-18 05:45;2.30781277005063
2017-05-18 06:00;2.07148648797845
2017-05-18 06:15;2.43558828883327
2017-05-18 06:30;2.38227535954647
2017-05-18 06:45;2.29265750833823
2017-05-18 07:15;2.07416763297082
2017-05-18 07:30;1.65097117937135
2017-05-18 07:45;1.43306125922425
2017-05-18 08:00;1.62600310491729
2017-05-18 08:15;1.59688550174295
2017-05-18 08:30;0.953422900790009
2017-05-18 08:45;0.15064582039421
2017-05-18 09:00;0.82677791523691
2017-05-18 09:15;0.386566769080531
2017-05-18 09:30;0.533847622230169
2017-05-18 09:45;0.474694153564705
2017-05-18 10:00;0.568959085329425
2017-05-18 10:15;-0.304481957228084
2017-05-18 10:30;0.445169283152687
2017-05-18 10:45;-0.284317838563162
2017-05-18 11:00;0.499061619735137
2017-05-18 11:15;-0.0497463153240005
2017-05-18 11:30;0.109494011068875
2017-05-18 11:45;-0.0165074024715395
2017-05-18 12:00;-0.175075278615751
2017-05-18 12:15;0.0595377808665845
2017-05-18 12:30;0.255378671013347
2017-05-18 12:45;-0.163176676183127
2017-05-18 13:00;0.0601641066451819
2017-05-18 13:15;0.198389209615677
2017-05-18 13:30;0.25318645421217
2017-05-18 13:45;-0.344708282491695
2017-05-18 14:00;0.0380273304601033
2017-05-18 14:15;0.515286777060581
2017-05-18 14:30;0.980983078263662
2017-05-18 14:45;0.867327287234531
2017-05-18 15:00;0.484568152051288
2017-05-18 15:15;0.532286218606984
2017-05-18 15:30;0.794375737530338
2017-05-18 15:45;0.593534515061712
2017-05-18 16:00;0.645215462312322
2017-05-18 16:15;1.01381385034462
2017-05-18 16:30;0.645244883156273
2017-05-18 16:45;0.632518632142336
2017-05-18 17:00;0.433068557564489
2017-05-18 17:15;0.353351412948221
2017-05-18 17:30;0.760533949859422
2017-05-18 17:45;0.704570278951692
2017-05-18 18:00;0.728145625263274
2017-05-18 18:15;0.687439678346195
2017-05-18 18:30;0.6272315793587
2017-05-18 18:45;0.637692581576367
2017-05-18 19:00;0.655145717595232
2017-05-18 19:15;0.794865780312463
2017-05-18 19:30;0.898321672099755
2017-05-18 19:45;1.09363567557615
2017-05-18 20:00;1.40867631635486
2017-05-18 20:15;1.5600614391694
2017-05-18 20:30;1.91355858803485
2017-05-18 20:45;2.18279901287271
2017-05-18 21:00;2.50510714196443
2017-05-18 21:15;2.57303537209469
2017-05-18 21:30;2.57595265205443
2017-05-18 21:45;2.75023290302432
2017-05-18 22:00;2.65676598613603
2017-05-18 22:15;2.67779695576334
2017-05-18 22:30;2.48958523723974
2017-05-18 22:45;2.54765661636071
2017-05-18 23:00;2.51761476927863
2017-05-18 23:15;2.50726135620248
2017-05-18 23:30;2.4746331944843
2017-05-18 23:45;2.56742034178627
2017-05-19 00:00;2.50241042695816
2017-05-19 00:15;2.52631047683398
2017-05-19 00:30;2.40253503116418
2017-05-19 00:45;2.36872496928248
2017-05-19 01:00;2.43178980373619
2017-05-19 01:15;2.32761538813055
2017-05-19 01:30;2.1784492072934
2017-05-19 01:45;2.20533944099934
2017-05-19 02:00;2.26162784947672
2017-05-19 02:15;2.11393416450046
2017-05-19 02:30;2.11273441897361
2017-05-19 02:45;2.20582546737003
2017-05-19 03:00;2.10795157190529
2017-05-19 03:15;2.04268405032845
2017-05-19 03:30;2.18050490301908
2017-05-19 03:45;2.29664346442276
2017-05-19 04:00;2.39737835442136
2017-05-19 04:15;2.55998420426834
2017-05-19 04:30;2.54538262579845
2017-05-19 04:45;2.40674783921327
2017-05-19 05:00;2.41327896050832
2017-05-19 05:15;2.14695224830093
2017-05-19 05:30;1.80970795473893
2017-05-19 05:45;1.83056090785448
2017-05-19 06:00;1.9076009701345
2017-05-19 06:15;1.91248746393724
2017-05-19 06:30;1.7333122253477
2017-05-19 06:45;1.58654381520694
2017-05-19 07:00;1.9815819471267
2017-05-19 07:15;2.18881610921287
2017-05-19 07:30;1.83513732354242
2017-05-19 10:00;0.540121174936175
2017-05-19 10:15;0.370958194441144
2017-05-19 10:30;0.590799997722442
2017-05-19 10:45;0.605352789462934
2017-05-19 11:00;0.239921067420966
2017-05-19 11:15;0.558824481855716
2017-05-19 11:30;0.492500284262505
2017-05-19 11:45;1.17885942225777
2017-05-19 12:00;0.538516991848688
2017-05-19 12:15;0.787798935555841
2017-05-19 12:30;1.25867920454169
2017-05-19 12:45;1.32558335156547
2017-05-19 13:00;1.07351326884984
2017-05-19 13:15;1.24491605545719
2017-05-19 13:30;1.18585777475002
2017-05-19 13:45;1.46039155923978
2017-05-19 14:00;1.54525999752806
2017-05-19 14:15;1.54561789784533
2017-05-19 14:30;1.36674711438371
2017-05-19 14:45;1.60073648282012
2017-05-19 15:00;0.956097072415901
2017-05-19 15:15;1.76698925142988
2017-05-19 15:30;1.61044741954255
2017-05-19 15:45;1.3331173042577
2017-05-19 16:00;1.50457487345562
2017-05-19 16:15;1.63761028526825
2017-05-19 16:30;1.72150604810889
2017-05-19 16:45;1.79492843228338
2017-05-19 17:00;1.6975722094808
2017-05-19 17:15;1.96896130504358
2017-05-19 17:30;2.10688202390512
2017-05-19 17:45;1.99184607529568
2017-05-19 18:00;2.00916483161428
2017-05-19 18:15;2.04723514064945
2017-05-19 18:30;2.19740976677735
2017-05-19 18:45;2.12678525029602
2017-05-19 19:00;2.05817207169633
2017-05-19 19:15;2.16925804190603
2017-05-19 19:30;2.50405652580868
2017-05-19 19:45;2.40583646163987
2017-05-19 20:00;2.74175753189799
2017-05-19 20:15;2.33137237432636
2017-05-19 20:30;2.28782778402651
2017-05-19 20:45;2.73286760715365
2017-05-19 21:00;2.37392155677987
2017-05-19 21:15;2.50902597763791
2017-05-19 21:30;3.22118614581436
2017-05-19 21:45;3.13362957737236
2017-05-19 22:00;3.07487456958272
2017-05-19 22:15;3.21567652982799
2017-05-19 22:30;3.20608074247497
2017-05-19 22:45;3.27620404874231
2017-05-19 23:00;3.24701454462991
2017-05-19 23:15;3.1698079992094
2017-05-19 23:30;3.05995948878503
2017-05-19 23:45;3.11615818599378
2017-05-20 00:00;3.10940052270647
2017-05-20 00:15;3.09546855801107
2017-05-20 00:30;3.0043155012381
2017-05-20 00:45;3.09164962138032
2017-05-20 01:00;2.94887955634469
2017-05-20 01:15;2.78501472442604
2017-05-20 01:30;2.88084536684232
2017-05-20 01:45;2.78719622981669
2017-05-20 02:00;2.86500987551715
2017-05-20 02:15;2.81685732011088
2017-05-20 02:30;2.80228487620908
2017-05-20 02:45;2.80160747600991
2017-05-20 03:00;2.84967755121221
2017-05-20 03:15;2.90330853638316
2017-05-20 03:30;2.87440458102845
2017-05-20 03:45;2.88783435434915
2017-05-20 04:00;2.860507167836
2017-05-20 04:15;3.00931530197575
2017-05-20 04:30;3.27314604716182
2017-05-20 04:45;3.37554364629548
2017-05-20 05:00;3.59688501418994
2017-05-20 05:15;3.38647541789447
2017-05-20 05:30;3.52088301776309
2017-05-20 05:45;3.1350741686332
2017-05-20 06:00;3.62508982023879
2017-05-20 06:15;3.13331534086269
2017-05-20 06:30;2.62965121241144
2017-05-20 06:45;2.84654755175411
2017-05-20 07:00;2.74475108895528
2017-05-20 07:15;2.5310993547929
2017-05-20 07:30;2.56544636248593
2017-05-20 07:45;2.90025782250619
2017-05-20 08:00;3.05797901679532
2017-05-20 08:15;3.08276004391617
2017-05-20 08:30;2.657262823941
2017-05-20 08:45;3.25499228005323
2017-05-20 09:00;2.88044346289242
2017-05-20 09:15;2.34784379966334
2017-05-20 09:30;3.25453650616371
2017-05-20 09:45;3.33097131880065
2017-05-20 10:00;3.41863293586113
2017-05-20 10:15;3.53819372672582
2017-05-20 10:30;3.4095708282442
2017-05-20 10:45;3.38706116869754
2017-05-20 11:00;3.40305828682182
2017-05-20 11:15;3.43053542328955
2017-05-20 11:30;3.33443366580034
2017-05-20 11:45;3.43312755625757
2017-05-20 12:00;3.54129796624871
2017-05-20 12:15;3.4875987079643
2017-05-20 12:30;3.39046695306804
2017-05-20 12:45;3.29308755602048
2017-05-20 13:00;3.50449594266986
2017-05-20 13:15;3.24926988081376
2017-05-20 13:30;3.29591187061231
2017-05-20 13:45;3.17223238179056
2017-05-20 14:00;3.34701220218472
2017-05-20 14:15;3.290139188112
2017-05-20 14:30;3.31427080572995
2017-05-20 14:45;3.33014777339832
2017-05-20 15:00;3.2272156278369
2017-05-20 15:15;3.32272385205118
2017-05-20 15:30;3.33510999547407
2017-05-20 15:45;3.25751063983672
2017-05-20 16:00;3.16664511344744
2017-05-20 16:15;3.263824582383
2017-05-20 16:30;3.12869138296368
2017-05-20 16:45;3.17205956082338
2017-05-20 17:00;3.1837246089146
2017-05-20 17:15;3.10219430873933
2017-05-20 17:30;3.06899727268722
2017-05-20 17:45;2.99141402600824
2017-05-20 18:00;2.99712368552764
2017-05-20 18:15;3.04900200608844
2017-05-20 18:30;3.17063635153114
2017-05-20 18:45;3.23519561622145
2017-05-20 19:00;3.42793491586212
2017-05-20 19:15;3.67310286286179
2017-05-20 19:30;3.7860602842552
2017-05-20 19:45;3.83246599114179
2017-05-20 20:00;3.86498245296621
2017-05-20 20:15;3.94385601105684
2017-05-20 20:30;3.9460071351418
2017-05-20 20:45;3.97049162011997
2017-05-20 21:00;3.9304949587993
2017-05-20 21:15;3.98819893011517
2017-05-20 21:30;3.98770312703237
2017-05-20 21:45;3.96268086788186
2017-05-20 22:00;3.94769371029298
2017-05-20 22:15;3.9384865902616
2017-05-20 22:30;3.8645842874114
2017-05-20 22:45;3.80779615001642
2017-05-20 23:00;3.81108496276528
2017-05-20 23:15;3.81440313746118
2017-05-20 23:30;3.81436376509082
2017-05-20 23:45;3.76487456324453
2017-05-21 00:00;3.80422977066318
2017-05-21 00:15;3.80478159871446
2017-05-21 00:30;3.77452961236506
2017-05-21 00:45;3.7931672570795
2017-05-21 01:00;3.83125478515866
2017-05-21 01:15;3.80013041103955
2017-05-21 01:30;3.85368548374099
2017-05-21 01:45;3.84538134285923
2017-05-21 02:00;3.78830686633126
2017-05-21 02:15;3.72107011017936
2017-05-21 02:30;3.72105550765141
2017-05-21 02:45;3.72128164455972
2017-05-21 03:00;3.67693066238156
2017-05-21 03:15;3.63836953248872
2017-05-21 03:30;3.59687629646574
2017-05-21 03:45;3.49485329428851
2017-05-21 04:00;3.27447185035013
2017-05-21 04:15;3.09358263763967
2017-05-21 04:30;2.97924906905842
2017-05-21 04:45;3.07021978762723
2017-05-21 05:00;2.95426583885706
2017-05-21 05:15;2.86950279217373
2017-05-21 05:30;2.72000181781973
2017-05-21 05:45;2.58224492915931
2017-05-21 06:00;2.47456662358541
2017-05-21 06:15;2.49017727854919
2017-05-21 06:30;2.35188944927636
2017-05-21 06:45;2.34665864476256
2017-05-21 07:00;2.34743148546798
2017-05-21 07:15;2.40024088792386
2017-05-21 07:30;2.51857791960838
2017-05-21 07:45;2.56885450662521
2017-05-21 08:00;2.38982170093233
2017-05-21 08:15;2.25010554574988
2017-05-21 08:30;2.30096642030058
2017-05-21 08:45;2.45913124271843
2017-05-21 09:00;2.33562689539835
2017-05-21 09:15;2.3490246700709
2017-05-21 09:30;2.45677916880602
2017-05-21 09:45;2.46909997419866
2017-05-21 10:00;2.39867391684925
2017-05-21 10:15;2.71315347030772
2017-05-21 10:30;2.37659415683127
2017-05-21 10:45;2.37954289357906
2017-05-21 11:00;2.17001792364699
2017-05-21 11:15;2.27161925947349
2017-05-21 11:30;2.11458262251758
2017-05-21 11:45;2.37981395225334
2017-05-21 12:00;2.22591803503975
2017-05-21 12:15;1.76319352627133
2017-05-21 12:30;1.69489542833816
2017-05-21 12:45;1.65775483368825
2017-05-21 13:00;1.43683440210357
2017-05-21 13:15;1.4807496018682
2017-05-21 13:30;1.55436659457413
2017-05-21 13:45;1.29064054962208
2017-05-21 14:00;1.35899775484759
2017-05-21 14:15;1.32591045956089
2017-05-21 14:30;1.38987949703985
2017-05-21 14:45;1.4761545273123
2017-05-21 15:00;1.75625760887765
2017-05-21 15:15;1.55460062117717
2017-05-21 15:30;1.54226254829985
2017-05-21 15:45;1.85739431389645
2017-05-21 16:00;1.6222400627906
2017-05-21 16:15;1.67501264696038
2017-05-21 16:30;1.8602370005198
2017-05-21 16:45;1.8447758993856
2017-05-21 17:00;1.84526995573383
2017-05-21 17:15;1.81233900098619
2017-05-21 17:30;1.82005337362646
2017-05-21 17:45;1.64552988062987
2017-05-21 18:00;1.65745412274847
2017-05-21 18:15;1.45883101044281
2017-05-21 18:30;1.5778831210509
2017-05-21 18:45;1.45040699058316
2017-05-21 19:00;1.45486428247401
2017-05-21 19:30;1.67964007906236
2017-05-21 19:45;1.6624828296805
2017-05-21 20:00;1.79591112808116
2017-05-21 20:15;1.70630407709162
2017-05-21 20:30;1.7314662478482
2017-05-21 20:45;1.75488258406925
2017-05-21 21:00;1.7082079185861
2017-05-21 21:15;1.65406556550231
2017-05-21 21:30;1.79716463742751
2017-05-21 21:45;1.84773010867347
2017-05-21 22:00;1.93451593764703
2017-05-21 22:15;2.10886075215866
2017-05-21 22:30;2.24604396117594
2017-05-21 22:45;2.34580577161839
2017-05-21 23:00;2.28343175699334
2017-05-21 23:15;2.28749806645674
2017-05-21 23:30;2.39522358885969
2017-05-21 23:45;2.4296804672604
2017-05-22 00:00;2.39778787339684
2017-05-22 00:15;2.47898812743227
2017-05-22 00:30;2.50188798210952
2017-05-22 00:45;2.64894799971851
2017-05-22 01:00;2.56923438602058
2017-05-22 01:15;2.66030811959041
2017-05-22 01:30;2.64528637317554
2017-05-22 01:45;2.66751429470062
2017-05-22 02:00;2.73899275382666
2017-05-22 02:15;2.73882575474282
2017-05-22 02:30;2.82732651900654
2017-05-22 02:45;3.02164749282684
2017-05-22 03:00;2.80185364086668
2017-05-22 03:15;2.95549824552539
2017-05-22 03:30;2.75274858654062
2017-05-22 03:45;2.93307594023808
2017-05-22 04:00;3.12812335589916
2017-05-22 04:15;2.37904263455317
2017-05-22 04:30;2.07824578420107
2017-05-22 04:45;1.95865239399161
2017-05-22 05:00;2.29540366396455
2017-05-22 05:15;2.21525971797215
2017-05-22 05:30;1.86233862092926
2017-05-22 06:00;1.58551497920077
2017-05-22 06:15;1.26775747605132
2017-05-22 06:30;1.52059797938076
2017-05-22 06:45;1.49626789643838
2017-05-22 07:00;1.18794610970237
2017-05-22 07:15;0.97299563908193
2017-05-22 07:30;0.624345687732308
2017-05-22 07:45;0.799249791725451
2017-05-22 08:00;1.41406131948664
2017-05-22 08:15;0.942631125635934
2017-05-22 08:30;0.809769475407982
2017-05-22 08:45;1.12864605840168
2017-05-22 09:00;0.731153868303444
2017-05-22 09:15;1.33593597254777
2017-05-22 09:30;0.885992058679605
2017-05-22 09:45;0.871476994104377
2017-05-22 10:00;0.919202360388162
2017-05-22 10:15;0.543510896636434
2017-05-22 10:30;0.628570969035671
2017-05-22 10:45;1.18279307991381
2017-05-22 11:00;0.997779315996262
2017-05-22 11:15;1.15712044043891
2017-05-22 11:30;0.50341145130924
2017-05-22 12:15;1.66035049935593
2017-05-22 12:30;1.02854908121627
2017-05-22 12:45;0.895577272510842
2017-05-22 13:00;1.18524623966915
2017-05-22 13:15;0.855894956332094
2017-05-22 13:30;1.47063014124222
2017-05-22 13:45;1.0156271736006
2017-05-22 14:00;1.08935435340342
2017-05-22 14:15;1.37363158956281
2017-05-22 14:30;1.46889961961168
2017-05-22 14:45;1.18373433727759
2017-05-22 15:00;1.57851515477194
2017-05-22 15:15;1.91775229199188
2017-05-22 15:30;1.44300235336011
2017-05-22 15:45;2.32596828033036
2017-05-22 16:00;2.28701914172747
2017-05-22 16:15;1.16798543629756
2017-05-22 16:30;0.844127937597051
2017-05-22 16:45;1.579306796007
2017-05-22 17:00;1.40100571917965
2017-05-22 17:15;1.6629105443777
2017-05-22 17:30;2.07513340450664
2017-05-22 17:45;2.3458709893665
2017-05-22 18:00;2.48228996075056
2017-05-22 18:15;2.63285495863439
2017-05-22 18:30;2.59153641095993
2017-05-22 18:45;2.97345562672844
2017-05-22 19:00;3.31360810382657
2017-05-22 19:15;3.20960262234243
2017-05-22 19:30;3.32495617789857
2017-05-22 19:45;3.56691964284605
2017-05-22 20:00;3.65792661790725
2017-05-22 20:15;3.63794302090243
2017-05-22 20:30;3.54935840347956
2017-05-22 20:45;3.3801228299185
2017-05-22 21:00;3.37489847101961
2017-05-22 21:15;3.46457344546215
2017-05-22 21:30;3.34657436929309
2017-05-22 21:45;3.37128215993996
2017-05-22 22:00;2.99852244841181
2017-05-22 22:15;3.15691834266574
2017-05-22 22:30;3.13450890411055
2017-05-22 22:45;2.98397025729696
2017-05-22 23:00;2.84827612066406
2017-05-22 23:15;2.89853937076387
2017-05-22 23:30;3.03022585564522
2017-05-22 23:45;3.15551868952924
2017-05-23 00:00;2.88965331033261
2017-05-23 00:15;2.95020351246574
2017-05-23 00:30;2.91550525714944
2017-05-23 00:45;2.94437707444533
2017-05-23 01:00;3.06829962106521
2017-05-23 01:15;3.08281382718121
2017-05-23 01:30;3.16062508357752
2017-05-23 01:45;3.00548230647273
2017-05-23 02:00;3.01337751405402
2017-05-23 02:15;2.90106255262068
2017-05-23 02:30;2.65930940937529
2017-05-23 02:45;2.79110231411229
2017-05-23 03:00;2.67341134533498
2017-05-23 03:15;2.58765085784113
2017-05-23 03:30;2.69658892566429
2017-05-23 03:45;2.67174794398641
2017-05-23 04:00;2.85770264140967
2017-05-23 04:15;3.16644095935048
2017-05-23 04:30;4.18178936386624
2017-05-23 04:45;3.85925698240981
2017-05-23 05:00;4.05833422777189
2017-05-23 05:15;3.73086392691131
2017-05-23 05:30;3.47144393664441
2017-05-23 05:45;3.0593853017742
2017-05-23 06:00;3.39861633706509
2017-05-23 06:15;3.10008779912957
2017-05-23 06:30;2.84797298777182
2017-05-23 06:45;3.10921313394947
2017-05-23 07:00;2.82377288005703
2017-05-23 07:15;2.6781865933791
2017-05-23 07:30;2.01804978547698
2017-05-23 07:45;2.27780644891867
2017-05-23 08:00;2.70678836460718
2017-05-23 08:15;2.16921664889371
2017-05-23 08:30;2.057007541496
2017-05-23 08:45;1.38532372461652
2017-05-23 09:00;1.2301887309963
2017-05-23 09:15;1.48534705629007
2017-05-23 09:30;1.14248852120431
2017-05-23 09:45;1.47782038475297
2017-05-23 10:00;1.45708835099456
2017-05-23 10:15;1.36667332397443
2017-05-23 10:30;1.42402632257528
2017-05-23 10:45;1.30262525349096
2017-05-23 11:00;1.36944404162473
2017-05-23 11:15;1.30463309974684
2017-05-23 11:30;0.278768536153059
2017-05-23 11:45;0.00800167806379193
2017-05-23 12:00;-0.636401689835523
2017-05-23 12:15;1.0604760200561
2017-05-23 12:30;1.66591116803589
2017-05-23 12:45;1.01451471137381
2017-05-23 13:00;0.76048025085079
2017-05-23 13:15;2.33387533208094
2017-05-23 13:30;2.1606598244819
2017-05-23 13:45;2.46469778674294
2017-05-23 14:00;1.1195004140681
2017-05-23 14:15;2.44548649985864
2017-05-23 14:30;3.17889874885406
2017-05-23 14:45;3.40632346419184
2017-05-23 15:00;3.2956425558916
2017-05-23 15:15;3.33668636863074
2017-05-23 15:30;3.14364872816399
2017-05-23 15:45;3.16784808082213
2017-05-23 16:00;3.37895723624006
2017-05-23 16:15;3.20680802517062
2017-05-23 16:30;3.7770903265499
2017-05-23 16:45;3.10923259428133
2017-05-23 17:00;4.01390162377903
2017-05-23 17:15;3.89805503297142
2017-05-23 17:30;3.99887644247465
2017-05-23 17:45;4.15499193641145
2017-05-23 18:00;4.04523944371107
2017-05-23 18:15;3.90948620338178
2017-05-23 18:30;3.71773844089804
2017-05-23 18:45;3.78908068071986
2017-05-23 19:00;3.88394105804917
2017-05-23 19:15;3.76854830223374
2017-05-23 19:30;3.88805366752736
2017-05-23 19:45;3.96341431049505
2017-05-23 20:00;4.03802075700503
2017-05-23 20:15;4.06620869772356
2017-05-23 20:30;4.13962414580889
2017-05-23 20:45;4.1493749579943
2017-05-23 21:00;4.12577742987816
2017-05-23 21:15;4.20495920181481
2017-05-23 21:30;4.10307177133942
2017-05-23 21:45;4.17298445094923
2017-05-23 22:00;4.11990318869773
2017-05-23 22:15;4.02722551083725
2017-05-23 22:30;3.92995595512465
2017-05-23 22:45;3.77385946946409
2017-05-23 23:00;3.7112709077934
2017-05-23 23:15;3.71084876340237
2017-05-23 23:30;3.70430987061913
2017-05-23 23:45;3.57285787255362
2017-05-24 00:00;3.49759531158904
2017-05-24 00:15;3.27886508668118
2017-05-24 00:30;3.20746070610075
2017-05-24 00:45;3.20340946866406
2017-05-24 01:00;3.16395200774948
2017-05-24 01:15;3.12700558407162
2017-05-24 01:30;3.28454699357918
2017-05-24 01:45;3.22971338835014
2017-05-24 02:00;3.24378336735555
2017-05-24 02:15;3.23257925643743
2017-05-24 02:30;3.0770798767167
2017-05-24 02:45;3.20069351402032
2017-05-24 03:00;3.34187009206638
2017-05-24 03:15;3.32975945547774
2017-05-24 03:30;3.31981081882381
2017-05-24 03:45;3.39898042713884
2017-05-24 04:00;3.38666851835367
2017-05-24 04:15;3.53152241304716
2017-05-24 04:30;3.84855706124607
2017-05-24 04:45;3.72296456709996
2017-05-24 05:00;3.26934146084442
2017-05-24 05:15;3.11088532975478
2017-05-24 05:30;3.13799280619162
2017-05-24 05:45;3.18260163626264
2017-05-24 06:00;3.12353151894855
2017-05-24 06:15;3.34167742268501
2017-05-24 06:30;3.5350933878026
2017-05-24 06:45;3.61502799900924
2017-05-24 07:00;3.73429363386696
2017-05-24 07:15;3.81271809527363
2017-05-24 07:30;3.89042273468172
2017-05-24 07:45;3.83209423340563
2017-05-24 08:00;3.85272006329907
2017-05-24 08:15;3.77379143229572
2017-05-24 08:30;3.70662989735533
2017-05-24 08:45;3.72822243921178
2017-05-24 09:00;3.64497257553958
2017-05-24 09:15;3.50943762275299
2017-05-24 09:30;3.61572207585141
2017-05-24 09:45;3.3021361257072
2017-05-24 10:00;3.28209177703239
2017-05-24 10:15;2.90882597697109
2017-05-24 10:30;2.83968376238012
2017-05-24 10:45;2.48802282438557
2017-05-24 11:00;2.55009679651293
2017-05-24 11:15;2.72425691082795
2017-05-24 11:30;2.96462107940602
2017-05-24 11:45;3.10960704923471
2017-05-24 12:00;3.2564825116336
2017-05-24 12:15;3.09259781229379
2017-05-24 12:30;2.76146033458603
2017-05-24 12:45;3.03589517013476
2017-05-24 13:00;3.05310759496035
2017-05-24 13:15;2.30017827729306
2017-05-24 13:30;2.19622847853286
2017-05-24 13:45;1.81202614338417
2017-05-24 14:00;1.57685163754283
2017-05-24 14:15;1.67659081852064
2017-05-24 14:30;1.69954107074368
2017-05-24 14:45;1.59343662417942
2017-05-24 15:00;1.48874502789388
2017-05-24 15:15;1.86812658304211
2017-05-24 15:30;1.48018791492376
2017-05-24 15:45;1.64023626131065
2017-05-24 16:00;1.43890618995421
2017-05-24 16:15;1.34782914774072
2017-05-24 16:30;1.35805282765625
2017-05-24 16:45;0.945242228864373
2017-05-24 17:00;1.05076965737366
2017-05-24 17:15;1.21970967238823
2017-05-24 17:30;1.21272209567731
2017-05-24 17:45;0.972058668696484
2017-05-24 18:00;0.999782191944696
2017-05-24 18:15;1.02657822914494
2017-05-24 18:30;1.18694417256897
2017-05-24 18:45;1.24577541181282
2017-05-24 19:00;1.014355692062
2017-05-24 19:15;1.03395616719334
2017-05-24 19:30;1.17829891263234
2017-05-24 19:45;1.29137447260607
2017-05-24 20:00;1.3199327664915
2017-05-24 20:15;1.23350537983937
2017-05-24 20:30;1.26183176124172
2017-05-24 20:45;1.24414935354785
2017-05-24 21:00;1.22037279347984
2017-05-24 21:15;1.24648508325095
2017-05-24 21:30;1.11582348316826
2017-05-24 21:45;1.11924876137819
2017-05-24 22:00;1.16997767725425
2017-05-24 22:15;1.2624493452471
2017-05-24 22:30;1.63347567053847
2017-05-24 22:45;1.74815030268122
2017-05-24 23:00;1.87904902387848
2017-05-24 23:15;1.9897816413315
2017-05-24 23:30;2.12460567755887
2017-05-24 23:45;2.19471947634414
2017-05-25 00:00;2.1843550950969
2017-05-25 00:15;2.26480067647714
2017-05-25 00:30;2.31763649656733
2017-05-25 00:45;2.34066802703717
2017-05-25 01:00;2.3570090571809
2017-05-25 01:15;2.36973070624458
2017-05-25 01:30;2.40657553327856
2017-05-25 01:45;2.4434291099553
2017-05-25 02:00;2.48758955274012
2017-05-25 02:15;2.50038484105703
2017-05-25 02:30;2.52707407626585
2017-05-25 02:45;2.56883729129591
2017-05-25 03:00;2.56515250765496
2017-05-25 03:15;2.57399715687179
2017-05-25 03:30;2.60998215225334
2017-05-25 03:45;2.59426062027028
2017-05-25 04:00;2.65989256169637
2017-05-25 04:15;2.69872734674129
2017-05-25 04:30;2.7169806113145
2017-05-25 04:45;2.7593030146673
2017-05-25 05:00;2.7736388084224
2017-05-25 05:15;2.8745983781796
2017-05-25 05:30;2.86163228160535
2017-05-25 05:45;2.92838867659319
2017-05-25 06:00;2.9699306049588
2017-05-25 06:15;3.07445102578039
2017-05-25 06:30;3.21548291034426
2017-05-25 06:45;3.30013220161328
2017-05-25 07:00;3.33473635663886
2017-05-25 07:15;3.13825538583912
2017-05-25 07:30;3.16198451665776
2017-05-25 07:45;3.06716651608408
2017-05-25 08:00;3.04996642023314
2017-05-25 08:15;3.09550672620171
2017-05-25 08:30;3.19054581037576
2017-05-25 08:45;3.30070723970977
2017-05-25 09:00;3.17929383155295
2017-05-25 09:15;3.10652613009066
2017-05-25 09:30;3.12874544850585
2017-05-25 09:45;3.14524996731632
2017-05-25 10:00;3.17660148740006
2017-05-25 10:15;3.08375817714748
2017-05-25 10:30;3.09988958602877
2017-05-25 10:45;2.91675883414892
2017-05-25 11:00;2.71329738100658
2017-05-25 11:15;3.07539014563481
2017-05-25 11:30;2.57412939967583
2017-05-25 11:45;2.85801776604658
2017-05-25 12:00;2.90425738152557
2017-05-25 12:15;3.10784784213171
2017-05-25 12:30;3.18613531900947
2017-05-25 12:45;3.15344264164909
2017-05-25 13:00;3.21614281420538
2017-05-25 13:15;3.32530581048764
2017-05-25 13:30;3.59452374537778
2017-05-25 13:45;4.01604693363584
2017-05-25 14:00;3.85532979795056
2017-05-25 14:15;3.74523240821581
2017-05-25 14:30;3.75813733944004
2017-05-25 14:45;3.61152413099258
2017-05-25 15:00;3.36076445755532
2017-05-25 15:15;3.51046341741773
2017-05-25 15:30;2.82020670315188
2017-05-25 15:45;1.89032854528443
2017-05-25 16:00;1.45011132049913
2017-05-25 16:15;0.995809119422688
2017-05-25 16:30;1.12944857383752
2017-05-25 16:45;0.858534512775549
2017-05-25 17:00;0.855994444084672
2017-05-25 17:15;0.582421702237745
2017-05-25 17:30;0.399765076474267
2017-05-25 17:45;0.639936768494664
2017-05-25 18:00;1.16380346170131
2017-05-25 18:15;1.1537198641988
2017-05-25 18:30;1.45820027159589
2017-05-25 18:45;1.48953874564864
2017-05-25 19:00;1.92664924218829
2017-05-25 19:15;2.06455986887215
2017-05-25 19:30;2.30425126758312
2017-05-25 19:45;2.38430838147233
2017-05-25 20:00;2.45614820662986
2017-05-25 20:15;2.43560709137002
2017-05-25 20:30;2.37118469796652
2017-05-25 20:45;2.31468496060803
2017-05-25 21:00;2.35968053650114
2017-05-25 21:15;2.33687965293456
2017-05-25 21:30;2.44072562692095
2017-05-25 21:45;2.44192287448075
2017-05-25 22:00;2.39845347021283
2017-05-25 22:15;2.44632923464497
2017-05-25 22:30;2.52683509037248
2017-05-25 22:45;2.72866672310452
2017-05-25 23:00;2.7248471508209
2017-05-25 23:15;2.67308869539558
2017-05-25 23:30;2.66818010375643
2017-05-25 23:45;2.6402479090197
2017-05-26 00:00;2.64944829938376
2017-05-26 00:15;2.61956664335361
2017-05-26 00:30;2.67808738842303
2017-05-26 00:45;2.59188158941215
2017-05-26 01:00;2.61834418317035
2017-05-26 01:15;2.483803778458
2017-05-26 01:30;2.55390097669274
2017-05-26 01:45;2.53636827149805
2017-05-26 02:00;2.53150270618568
2017-05-26 02:15;2.49471490001955
2017-05-26 02:30;2.44097357560831
2017-05-26 02:45;2.44372086302216
2017-05-26 03:00;2.55495227280516
2017-05-26 03:15;2.50352799179711
2017-05-26 03:30;2.54891912707239
2017-05-26 03:45;2.62617660002092
2017-05-26 04:00;2.60768901471175
2017-05-26 04:15;2.81259199093359
2017-05-26 04:30;2.81352805053948
2017-05-26 04:45;2.93028520996073
2017-05-26 05:00;2.88150149758313
2017-05-26 05:15;2.90421409909082
2017-05-26 05:30;2.92498332146094
2017-05-26 05:45;3.01961341335658
2017-05-26 06:00;2.96939132835276
2017-05-26 06:15;2.80585609195988
2017-05-26 06:30;2.64653239045081
2017-05-26 06:45;2.90408636002443
2017-05-26 07:00;2.4908239741278
2017-05-26 07:15;2.35406005024083
2017-05-26 07:30;2.22011307134428
2017-05-26 07:45;1.91741579812727
2017-05-26 08:00;1.93542094031357
2017-05-26 08:15;1.62297099042984
2017-05-26 08:30;1.40195246620519
2017-05-26 08:45;1.45320238754433
2017-05-26 09:00;1.30662007094865
2017-05-26 09:15;1.56082729133692
2017-05-26 09:30;1.31079836365522
2017-05-26 09:45;1.85134706578435
2017-05-26 10:00;1.11264184976434
2017-05-26 10:15;1.42054572821198
2017-05-26 10:30;0.696085572599245
2017-05-26 10:45;1.42943450403296
2017-05-26 11:00;0.750020091408828
2017-05-26 11:15;0.507242146052747
2017-05-26 11:30;0.680386389482067
2017-05-26 11:45;0.84977296100665
2017-05-26 12:00;0.800325778406453
2017-05-26 12:15;1.07962890115355
2017-05-26 12:30;1.19374486590642
2017-05-26 12:45;0.567476967175324
2017-05-26 13:00;1.05948036919663
2017-05-26 13:15;1.048827730004
2017-05-26 13:30;0.961058361153775
2017-05-26 13:45;0.775653707253873
2017-05-26 14:00;0.646209608334544
2017-05-26 14:15;0.886112066246355
2017-05-26 14:30;1.05688923904705
2017-05-26 14:45;1.26996220509544
2017-05-26 15:00;1.30443090469493
2017-05-26 15:15;0.906001854009823
2017-05-26 15:30;1.27870610687763
2017-05-26 15:45;0.798199291520369
2017-05-26 16:00;1.11819890426106
2017-05-26 16:15;1.15728355858202
2017-05-26 16:30;0.0175731769698757
2017-05-26 16:45;0.323050274438948
2017-05-26 17:00;0.346322993815861
2017-05-26 17:15;0.275788476925321
2017-05-26 17:30;1.19046631031216
2017-05-26 17:45;1.20487184981495
2017-05-26 18:00;1.58502268964615
2017-05-26 18:15;1.53851072703733
2017-05-26 18:30;1.94640405564956
2017-05-26 18:45;2.63275377040459
2017-05-26 19:00;2.57440914122744
2017-05-26 19:15;2.6448336642674
2017-05-26 19:30;2.80808815902303
2017-05-26 19:45;2.30297618448228
2017-05-26 20:00;2.71553354602509
2017-05-26 20:15;2.69757799775108
2017-05-26 20:30;2.92339623410902
2017-05-26 20:45;3.02946254304419
2017-05-26 21:00;2.93693848977536
2017-05-26 21:15;2.86864414419031
2017-05-26 21:30;2.88496397312817
2017-05-26 21:45;2.82723472073749
2017-05-26 22:00;3.0167700457299
2017-05-26 22:15;3.17648982929401
2017-05-26 22:30;3.21808346769631
2017-05-26 22:45;3.34045037059588
2017-05-26 23:00;3.27407936868919
2017-05-26 23:15;3.29832655462261
2017-05-26 23:30;3.40660952792232
2017-05-26 23:45;3.44919764255436
2017-05-27 00:00;3.45309814780887
2017-05-27 00:15;3.43988976266052
2017-05-27 00:30;3.4274567684245
2017-05-27 00:45;3.37911238007974
2017-05-27 01:00;3.33372861844671
2017-05-27 01:15;3.22226890345577
2017-05-27 01:30;3.31943596099519
2017-05-27 01:45;3.32595757033516
2017-05-27 02:00;3.3069653244257
2017-05-27 02:15;3.17660314032295
2017-05-27 02:30;3.08167520673366
2017-05-27 02:45;3.17626987453046
2017-05-27 03:00;2.95900674293791
2017-05-27 03:15;2.7463987846123
2017-05-27 03:30;2.75973055118997
2017-05-27 03:45;2.78807956880651
2017-05-27 04:00;2.8459653675518
2017-05-27 04:15;3.1040934700082
2017-05-27 04:30;3.26063560917059
2017-05-27 04:45;3.58479339509554
2017-05-27 05:00;4.04989990791925
2017-05-27 05:15;3.71794260985656
2017-05-27 05:30;3.03820005042128
2017-05-27 05:45;2.86451200712633
2017-05-27 06:00;3.11703609908243
2017-05-27 06:15;2.86393504595537
2017-05-27 06:30;3.13372695398358
2017-05-27 06:45;2.8577861562015
2017-05-27 07:00;2.7974632731867
2017-05-27 07:15;2.75649279833281
2017-05-27 07:30;2.86238337464623
2017-05-27 07:45;2.82071226380408
2017-05-27 08:00;3.09649481559885
2017-05-27 08:15;2.77789377798893
2017-05-27 08:30;2.71062038032994
2017-05-27 08:45;2.15673460621087
2017-05-27 09:00;2.43130803174362
2017-05-27 09:15;2.42939889548469
2017-05-27 09:30;1.68716245117839
2017-05-27 09:45;1.45134809459103
2017-05-27 10:00;1.94722083192983
2017-05-27 10:15;1.64122107667505
2017-05-27 10:30;1.79405933450511
2017-05-27 10:45;1.38612310450119
2017-05-27 11:00;0.953910943895615
2017-05-27 11:15;0.544223660621292
2017-05-27 11:30;0.810326976858988
2017-05-27 11:45;-0.0980797172504921
2017-05-27 12:00;0.196208623682182
2017-05-27 12:15;0.697618731525701
2017-05-27 12:30;0.16308838350421
2017-05-27 12:45;1.03331865470634
2017-05-27 13:00;0.599353758460829
2017-05-27 13:15;0.140344732422342
2017-05-27 13:30;-0.543042475784688
2017-05-27 13:45;-0.852474691299292
2017-05-27 14:00;-0.455826845127085
2017-05-27 14:15;0.138677013262672
2017-05-27 14:30;-0.252701806922715
2017-05-27 14:45;0.129195591968923
2017-05-27 15:00;0.143050973554601
2017-05-27 15:15;0.119186661696602
2017-05-27 15:30;0.834738408905494
2017-05-27 15:45;0.426906382192755
2017-05-27 16:00;-0.047505834364685
2017-05-27 16:15;0.401564212948507
2017-05-27 16:30;0.0200197002478362
2017-05-27 16:45;0.688827069109657
2017-05-27 17:00;0.545468428881229
2017-05-27 17:15;0.621591617577891
2017-05-27 17:30;0.536387643548366
2017-05-27 17:45;0.806145510597503
2017-05-27 18:00;0.712200713682144
2017-05-27 18:15;1.41603263373248
2017-05-27 18:30;1.82012494060334
2017-05-27 18:45;2.26195859464485
2017-05-27 19:00;2.93002237712642
2017-05-27 19:15;2.44397948198108
2017-05-27 19:30;2.57332569925552
2017-05-27 19:45;2.63374085355296
2017-05-27 20:00;2.74005831318276
2017-05-27 20:15;2.79979229016288
2017-05-27 20:30;3.0657577296702
2017-05-27 20:45;2.99075712475618
2017-05-27 21:00;2.92229741644694
2017-05-27 21:15;2.93277229078683
2017-05-27 21:30;2.76229973668102
2017-05-27 21:45;2.66699598294858
2017-05-27 22:00;2.77314577607251
2017-05-27 22:15;2.64337390990985
2017-05-27 22:30;2.69346924922439
2017-05-27 22:45;2.47942124925005
2017-05-27 23:00;2.54295436155695
2017-05-27 23:15;2.42492182135214
2017-05-27 23:30;2.44392861547701
2017-05-27 23:45;2.27094696896374
2017-05-28 00:00;2.38166752487854
2017-05-28 00:15;2.24842202274624
2017-05-28 00:30;2.21037334411498
2017-05-28 00:45;2.05269955484747
2017-05-28 01:00;2.00159242064841
2017-05-28 01:15;2.17381978693133
2017-05-28 01:30;2.00315501811964
2017-05-28 01:45;2.01481593908525
2017-05-28 02:00;2.02557334232128
2017-05-28 02:15;1.96919603785426
2017-05-28 02:30;1.94578579430576
2017-05-28 02:45;1.9378028766111
2017-05-28 03:00;1.87975933733681
2017-05-28 03:15;1.99032081416195
2017-05-28 03:30;1.94001330317671
2017-05-28 03:45;2.02304676985356
2017-05-28 04:00;2.05742271070163
2017-05-28 04:15;2.35958784741594
2017-05-28 04:30;2.70225695790747
2017-05-28 04:45;3.37949840971098
2017-05-28 05:00;3.42172870881158
2017-05-28 05:15;3.37547561332998
2017-05-28 05:30;3.01965224599752
2017-05-28 05:45;2.95921161797447
2017-05-28 06:00;2.72147149948464
2017-05-28 06:15;2.8767395742369
2017-05-28 06:30;2.46198204747776
2017-05-28 06:45;2.29238169235794
2017-05-28 07:00;2.36795402939495
2017-05-28 07:15;1.62708753519061
2017-05-28 07:30;1.44761467803114
2017-05-28 07:45;1.31313923812591
2017-05-28 08:00;0.391918429528864
2017-05-28 08:15;1.05789648887346
2017-05-28 08:30;1.50293467059935
2017-05-28 08:45;0.661793435223409
2017-05-28 09:00;0.722407816322963
2017-05-28 09:15;-0.143908206562969
2017-05-28 09:30;0.414779619610499
2017-05-28 09:45;-0.844666956531725
2017-05-28 10:00;0.0980485977636718
2017-05-28 10:15;0.379383751587206
2017-05-28 10:30;0.393092898528359
2017-05-28 10:45;-0.225245364348247
2017-05-28 11:00;0.112509570851344
2017-05-28 11:15;0.29151764724601
2017-05-28 11:30;0.736684701017388
2017-05-28 11:45;0.364453995342728
2017-05-28 12:00;0.103068308756562
2017-05-28 12:15;1.06924134016308
2017-05-28 12:30;0.502809621160687
2017-05-28 12:45;0.853160244110207
2017-05-28 13:00;0.695183065314744
2017-05-28 13:15;0.563181427082768
2017-05-28 13:30;1.21554353459655
2017-05-28 13:45;0.57852553940495
2017-05-28 14:00;-0.120796458858372
2017-05-28 14:15;0.552992541339016
2017-05-28 14:30;0.702794185403981
2017-05-28 14:45;0.495231775402168
2017-05-28 15:00;1.33467284999404
2017-05-28 15:15;0.874371171968235
2017-05-28 15:30;0.441410259909603
2017-05-28 15:45;1.00709986372463
2017-05-28 16:00;1.10514553404983
2017-05-28 16:15;0.268121596251589
2017-05-28 16:30;1.20505095045814
2017-05-28 16:45;1.19583812750038
2017-05-28 17:00;1.09584503935333
2017-05-28 17:15;1.12717935575932
2017-05-28 17:30;1.40660664149564
2017-05-28 17:45;1.3146902010389
2017-05-28 18:00;2.68730670543872
2017-05-28 18:15;2.50963619194293
2017-05-28 18:30;2.3345663157
2017-05-28 18:45;2.32111025562475
2017-05-28 19:00;2.92391018324012
2017-05-28 19:15;2.73545753096447
2017-05-28 19:30;3.47961870018261
2017-05-28 19:45;3.81608420251998
2017-05-28 20:00;3.94243291749619
2017-05-28 20:15;3.83572948430479
2017-05-28 20:30;3.80324681807377
2017-05-28 20:45;3.60446458754724
2017-05-28 21:00;3.69474159817929
2017-05-28 21:15;3.75887904251466
2017-05-28 21:30;3.75797448785896
2017-05-28 21:45;3.37095207954742
2017-05-28 22:00;3.64525136822616
2017-05-28 22:15;3.68353315923985
2017-05-28 22:30;3.33702076945566
2017-05-28 22:45;3.32960008548006
2017-05-28 23:00;3.23569637171292
2017-05-28 23:15;3.13829421134142
2017-05-28 23:30;3.08306851453981
2017-05-28 23:45;3.05390126196691
2017-05-29 00:00;3.12594292411629
2017-05-29 00:15;2.95428034780134
2017-05-29 00:30;2.8337289721985
2017-05-29 00:45;2.86529397586785
2017-05-29 01:00;2.71074154024031
2017-05-29 01:15;2.46624800528181
2017-05-29 01:30;2.58101397864669
2017-05-29 01:45;2.57277996065363
2017-05-29 02:00;2.583758351043
2017-05-29 02:15;2.5787686814942
2017-05-29 02:30;2.40470972437583
2017-05-29 02:45;2.43186623814362
2017-05-29 03:00;2.48184886586809
2017-05-29 03:15;2.53719888756814
2017-05-29 03:30;2.79511431979178
2017-05-29 03:45;2.98097856948163
2017-05-29 04:00;3.18417732132146
2017-05-29 04:15;3.44606978150293
2017-05-29 04:30;3.96855428140226
2017-05-29 04:45;2.82953673100628
2017-05-29 05:00;3.07683894536588
2017-05-29 05:15;3.48457956905826
2017-05-29 05:30;3.71640444004932
2017-05-29 05:45;2.17318911316575
2017-05-29 06:00;2.32810671274035
2017-05-29 06:15;0.595261365611414
2017-05-29 06:30;1.19261507084609
2017-05-29 06:45;2.13335901505871
2017-05-29 07:00;1.0241208912229
2017-05-29 07:15;1.03780606679081
2017-05-29 07:30;1.5719880303331
2017-05-29 07:45;1.45550108880688
2017-05-29 08:00;0.615701285097096
2017-05-29 08:15;1.32709927971036
2017-05-29 08:30;0.418855136277941
2017-05-29 08:45;2.62279005224831
2017-05-29 09:00;1.28138347488874
2017-05-29 09:15;0.708818181723522
2017-05-29 09:30;1.78572154445379
2017-05-29 09:45;1.09370642349263
2017-05-29 10:00;0.946099059610049
2017-05-29 10:15;0.6537868048364
2017-05-29 10:30;0.536705330821491
2017-05-29 10:45;0.460269287203275
2017-05-29 11:00;1.09293837169121
2017-05-29 11:15;1.06732198173104
2017-05-29 11:30;0.324845685112351
2017-05-29 11:45;0.390242486021769
2017-05-29 12:00;0.728444456868232
2017-05-29 12:15;1.68471011533983
2017-05-29 12:30;0.996652020573755
2017-05-29 12:45;0.190385371087793
2017-05-29 13:00;-0.551599960804623
2017-05-29 13:15;1.11794951878623
2017-05-29 13:30;-0.520247244787612
2017-05-29 13:45;0.0633757032353515
2017-05-29 14:00;0.557740288114701
2017-05-29 14:15;0.0557709603179219
2017-05-29 14:30;0.0878208449546563
2017-05-29 14:45;0.365659622815969
2017-05-29 15:00;0.234919653354929
2017-05-29 15:15;0.802172546371104
2017-05-29 15:30;0.580784038559948
2017-05-29 15:45;0.596379199925046
2017-05-29 16:00;1.41410063367531
2017-05-29 16:15;0.756041646853326
2017-05-29 16:30;0.694572037080412
2017-05-29 16:45;1.29486992610639
2017-05-29 17:00;1.7189853269056
2017-05-29 17:15;1.75745634155191
2017-05-29 17:30;1.78454883184025
2017-05-29 17:45;1.64403633824168
2017-05-29 18:00;1.87897118385673
2017-05-29 18:15;2.05165208699398
2017-05-29 18:30;2.67787883063643
2017-05-29 18:45;3.19532355349846
2017-05-29 19:00;3.36447840318698
2017-05-29 19:15;3.39484548534219
2017-05-29 19:30;3.30890534106118
2017-05-29 19:45;3.27626857580292
2017-05-29 20:00;3.56044443733702
2017-05-29 20:15;3.38443558459538
2017-05-29 20:30;3.39669586533634
2017-05-29 20:45;3.90590486123031
2017-05-29 21:00;2.92550637702743
2017-05-29 21:15;2.87618719465569
2017-05-29 21:30;3.03279155654205
2017-05-29 21:45;2.8968943019943
2017-05-29 22:00;2.9698931242532
2017-05-29 22:15;2.78434167169849
2017-05-29 22:30;2.88249659421746
2017-05-29 22:45;3.22625542132987
2017-05-29 23:00;3.67286725359414
2017-05-29 23:15;2.99228376063878
2017-05-29 23:30;3.22463663664066
2017-05-29 23:45;3.1130260727102
2017-05-30 00:00;3.08303857637392
2017-05-30 00:15;3.48117580632496
2017-05-30 00:30;3.58183076329969
2017-05-30 00:45;3.5559511523297
2017-05-30 01:00;4.1495612709234
2017-05-30 01:15;4.15520715770325
2017-05-30 01:30;3.88729468157106
2017-05-30 01:45;3.7281334737845
2017-05-30 02:00;3.51278008662719
2017-05-30 02:15;3.48134063945779
2017-05-30 02:30;3.68140562692838
2017-05-30 02:45;3.69675901581697
2017-05-30 03:00;3.60933131624454
2017-05-30 03:15;3.46486812370643
2017-05-30 03:30;3.5996681229095
2017-05-30 03:45;3.62566144598258
2017-05-30 04:00;3.66653962872692
2017-05-30 04:15;3.90644258788025
2017-05-30 04:30;3.85401854318508
2017-05-30 04:45;3.9698489255346
2017-05-30 05:00;3.96782655440015
2017-05-30 05:15;4.42458841348068
2017-05-30 05:30;4.302153462082
2017-05-30 05:45;4.13137544066891
2017-05-30 06:00;3.96048153516011
2017-05-30 06:15;3.57612289401824
2017-05-30 06:30;3.76061121839109
2017-05-30 06:45;4.03796237729094
2017-05-30 07:00;4.69351417894433
2017-05-30 07:15;3.66562882193153
2017-05-30 07:30;4.12116774889135
2017-05-30 07:45;3.49862774735546
2017-05-30 08:00;2.39349698227228
2017-05-30 08:15;2.30350693757244
2017-05-30 08:30;2.5361936730496
2017-05-30 08:45;3.00575345425884
2017-05-30 09:00;2.57974558915504
2017-05-30 09:15;2.57023236059364
2017-05-30 09:30;2.6365891368509
2017-05-30 09:45;3.73220749223604
2017-05-30 10:00;3.36184706049325
2017-05-30 10:15;3.67423902975197
2017-05-30 10:30;3.38426161879714
2017-05-30 10:45;2.84128551274175
2017-05-30 11:00;2.46527664110843
2017-05-30 11:15;3.47877370313486
2017-05-30 11:30;2.48454084908842
2017-05-30 11:45;2.04306749071893
2017-05-30 12:00;2.35449092694007
2017-05-30 12:15;1.84761069643505
2017-05-30 12:30;1.7147833538254
2017-05-30 12:45;2.85448006472326
2017-05-30 13:00;2.05044543670088
2017-05-30 13:15;1.67743344359495
2017-05-30 13:30;1.85772798175632
2017-05-30 13:45;2.76406207923113
2017-05-30 14:00;2.02019366038491
2017-05-30 14:15;3.38598284316922
2017-05-30 14:30;4.86059789931883
2017-05-30 14:45;6.37922400056969
2017-05-30 15:00;6.6938451176157
2017-05-30 15:15;6.41861583052426
2017-05-30 15:30;5.88691404658849
2017-05-30 15:45;5.03916429064726
2017-05-30 16:00;4.04717130903203
2017-05-30 16:15;3.60284991426971
2017-05-30 16:30;3.30791856199393
2017-05-30 16:45;4.55748956127525
2017-05-30 17:00;4.94395351829129
2017-05-30 17:15;5.03065049513322
2017-05-30 17:30;4.734643599999
2017-05-30 17:45;5.19820800067952
2017-05-30 18:00;5.28637968122034
2017-05-30 18:15;5.42637470078864
2017-05-30 18:30;5.28011286778924
2017-05-30 18:45;5.50427839037087
2017-05-30 19:00;5.46988381601597
2017-05-30 19:15;5.52782314991369
2017-05-30 19:30;5.55009460328114
2017-05-30 19:45;5.47598084371062
2017-05-30 20:00;5.43906279453933
2017-05-30 20:15;5.31960903311236
2017-05-30 20:30;5.26321615470209
2017-05-30 20:45;5.07097888728494
2017-05-30 21:00;4.84999158804331
2017-05-30 21:15;4.69019841214828
2017-05-30 21:30;5.15085409506187
2017-05-30 21:45;5.07175387351706
2017-05-30 22:00;4.78038406380313
2017-05-30 22:15;4.87693047558869
2017-05-30 22:30;5.12366928229137
2017-05-30 22:45;5.19241881320281
2017-05-30 23:00;5.44169946846485
2017-05-30 23:15;5.43138560518561
2017-05-30 23:30;4.54831743244947
2017-05-30 23:45;4.27054340683065
2017-05-31 00:00;4.16363616321895
2017-05-31 00:15;4.26025633391303
2017-05-31 00:30;4.59220346184776
2017-05-31 00:45;4.60961673914123
2017-05-31 01:00;4.63999805943796
2017-05-31 01:15;4.60879630214225
2017-05-31 01:30;4.62382598309933
2017-05-31 01:45;4.59052690016456
2017-05-31 02:00;4.69448418445352
2017-05-31 02:15;4.73330794153562
2017-05-31 02:30;4.62879365690444
2017-05-31 02:45;4.76299684731412
2017-05-31 03:00;4.85917194965238
2017-05-31 03:15;4.88018763787058
2017-05-31 03:30;4.79456012101876
2017-05-31 03:45;4.90587694157497
2017-05-31 04:00;4.9769016585628
2017-05-31 04:15;5.06188775121915
2017-05-31 04:30;5.18578845031713
2017-05-31 04:45;5.24677529757994
2017-05-31 05:00;5.30278513659514
2017-05-31 05:15;5.29054917469553
2017-05-31 05:30;5.21668781170037
2017-05-31 05:45;5.17888863096235
2017-05-31 06:00;4.73382608368501
2017-05-31 06:15;4.75707001874573
2017-05-31 06:30;4.55281016051292
2017-05-31 06:45;4.55710894309936
2017-05-31 07:00;4.86740960868212
2017-05-31 07:15;5.13130931808302
2017-05-31 07:30;5.04120282335747
2017-05-31 07:45;4.87147667508538
2017-05-31 08:00;4.79285555354945
2017-05-31 08:15;5.12954174150156
2017-05-31 08:30;4.83253860464843
2017-05-31 08:45;4.61127250248069
2017-05-31 09:00;4.58775787959065
2017-05-31 09:15;4.65952155228976
2017-05-31 09:30;4.81163965728956
2017-05-31 09:45;4.27337079537998
2017-05-31 10:00;5.23772730916773
2017-05-31 10:15;5.42047565461186
2017-05-31 10:30;4.98255007767334
2017-05-31 10:45;5.02770874868155
2017-05-31 11:00;3.90608419764378
2017-05-31 11:15;4.36737226844221
2017-05-31 11:30;4.15003888805322
2017-05-31 11:45;3.80681473096679
2017-05-31 12:00;3.70357993867987
2017-05-31 12:15;3.89299772494209
2017-05-31 12:30;4.05535153890256
2017-05-31 12:45;3.69822996297214
2017-05-31 13:00;3.27989340651676
2017-05-31 13:15;2.72308381440411
2017-05-31 13:30;3.17069207157174
2017-05-31 13:45;2.87101489294584
2017-05-31 14:00;3.24065262743181
2017-05-31 14:15;2.40856414297574
2017-05-31 14:30;2.50519582783105
2017-05-31 14:45;2.76654918641183
2017-05-31 15:00;2.91747689621293
2017-05-31 15:15;2.44417574161274
2017-05-31 15:30;2.65702941787051
2017-05-31 15:45;1.90824838646894
2017-05-31 16:00;2.22007291152202
2017-05-31 16:15;1.66514174729833
2017-05-31 16:30;1.92980954953572
2017-05-31 16:45;1.81747722626502
2017-05-31 17:00;1.96213255410687
2017-05-31 17:15;2.1120985346981
2017-05-31 17:30;1.66092093752265
2017-05-31 17:45;1.84609970486224
2017-05-31 18:00;1.86626915089267
2017-05-31 18:15;1.33076605484287
2017-05-31 18:30;1.31527148615152
2017-05-31 18:45;1.8461372707547
2017-05-31 19:00;1.82315012368903
2017-05-31 19:15;2.20015287649505
2017-05-31 19:30;2.53213635017637
2017-05-31 19:45;2.36374177655569
2017-05-31 20:00;2.69270156142596
2017-05-31 20:15;2.9775878445833
2017-05-31 20:30;3.06847720315823
2017-05-31 20:45;2.65043656472785
2017-05-31 21:00;2.66320671204466
2017-05-31 21:15;2.40128118999422
2017-05-31 21:30;2.65105591697433
2017-05-31 21:45;2.77976272279977
