0;ARIMA(0, 0, 0)x(0, 0, 0, 24)24 - AIC:4388.119921152596
1;ARIMA(0, 0, 0)x(0, 0, 1, 24)24 - AIC:3676.7501208972794
2;ARIMA(0, 0, 0)x(0, 0, 2, 24)24 - AIC:3220.6573584412604
3;ARIMA(0, 0, 0)x(0, 1, 0, 24)24 - AIC:2724.7321014392714
4;ARIMA(0, 0, 0)x(0, 1, 1, 24)24 - AIC:2515.8421743743597
5;ARIMA(0, 0, 0)x(0, 1, 2, 24)24 - AIC:2330.4226058815875
6;ARIMA(0, 0, 0)x(0, 2, 0, 24)24 - AIC:2957.49239621135
7;ARIMA(0, 0, 0)x(0, 2, 1, 24)24 - AIC:2485.3592358324627
8;ARIMA(0, 0, 0)x(0, 2, 2, 24)24 - AIC:2325.4064472393993
9;ARIMA(0, 0, 0)x(1, 0, 0, 24)24 - AIC:2731.193118826833
10;ARIMA(0, 0, 0)x(1, 0, 1, 24)24 - AIC:2696.208552311063
11;ARIMA(0, 0, 0)x(1, 0, 2, 24)24 - AIC:2460.250558936355
12;ARIMA(0, 0, 0)x(1, 1, 0, 24)24 - AIC:2533.2683127835317
13;ARIMA(0, 0, 0)x(1, 1, 1, 24)24 - AIC:2501.4296758987375
14;ARIMA(0, 0, 0)x(1, 1, 2, 24)24 - AIC:2331.9516066916613
15;ARIMA(0, 0, 0)x(1, 2, 0, 24)24 - AIC:2702.0312189644883
16;ARIMA(0, 0, 0)x(1, 2, 1, 24)24 - AIC:2473.254304383343
17;ARIMA(0, 0, 0)x(1, 2, 2, 24)24 - AIC:2322.564583033256
18;ARIMA(0, 0, 0)x(2, 0, 0, 24)24 - AIC:2534.7539640372916
19;ARIMA(0, 0, 0)x(2, 0, 1, 24)24 - AIC:2498.4805098182433
20;ARIMA(0, 0, 0)x(2, 0, 2, 24)24 - AIC:2462.2395128136127
21;ARIMA(0, 0, 0)x(2, 1, 0, 24)24 - AIC:2328.6872256238503
22;ARIMA(0, 0, 0)x(2, 1, 1, 24)24 - AIC:2330.659962836424
23;ARIMA(0, 0, 0)x(2, 1, 2, 24)24 - AIC:2324.6924348765087
24;ARIMA(0, 0, 0)x(2, 2, 0, 24)24 - AIC:2363.140630884206
25;ARIMA(0, 0, 0)x(2, 2, 1, 24)24 - AIC:2264.090635282202
26;ARIMA(0, 0, 0)x(2, 2, 2, 24)24 - AIC:2258.778179668473
27;ARIMA(0, 0, 1)x(0, 0, 0, 24)24 - AIC:3695.472710465006
28;ARIMA(0, 0, 1)x(0, 0, 1, 24)24 - AIC:3115.2414858037264
29;ARIMA(0, 0, 1)x(0, 0, 2, 24)24 - AIC:2718.169139559396
30;ARIMA(0, 0, 1)x(0, 1, 0, 24)24 - AIC:2262.6177367868904
31;ARIMA(0, 0, 1)x(0, 1, 1, 24)24 - AIC:2058.4276557341223
32;ARIMA(0, 0, 1)x(0, 1, 2, 24)24 - AIC:1926.5989549838082
33;ARIMA(0, 0, 1)x(0, 2, 0, 24)24 - AIC:2561.3909936452187
34;ARIMA(0, 0, 1)x(0, 2, 1, 24)24 - AIC:2080.3985332696634
35;ARIMA(0, 0, 1)x(0, 2, 2, 24)24 - AIC:1916.3135325673804
36;ARIMA(0, 0, 1)x(1, 0, 0, 24)24 - AIC:2273.0877002998145
37;ARIMA(0, 0, 1)x(1, 0, 1, 24)24 - AIC:2200.1003786888978
38;ARIMA(0, 0, 1)x(1, 0, 2, 24)24 - AIC:2054.289113688818
39;ARIMA(0, 0, 1)x(1, 1, 0, 24)24 - AIC:2092.681138721782
40;ARIMA(0, 0, 1)x(1, 1, 1, 24)24 - AIC:2048.990062204849
41;ARIMA(0, 0, 1)x(1, 1, 2, 24)24 - AIC:1927.9581055765339
42;ARIMA(0, 0, 1)x(1, 2, 0, 24)24 - AIC:2291.4782639907994
43;ARIMA(0, 0, 1)x(1, 2, 1, 24)24 - AIC:2055.5580707799427
44;ARIMA(0, 0, 1)x(1, 2, 2, 24)24 - AIC:1916.590036388387
45;ARIMA(0, 0, 1)x(2, 0, 0, 24)24 - AIC:2094.0733635595166
46;ARIMA(0, 0, 1)x(2, 0, 1, 24)24 - AIC:2050.2588339718177
47;ARIMA(0, 0, 1)x(2, 0, 2, 24)24 - AIC:2035.068430872041
48;ARIMA(0, 0, 1)x(2, 1, 0, 24)24 - AIC:1939.4286101477217
49;ARIMA(0, 0, 1)x(2, 1, 1, 24)24 - AIC:1935.1906491977334
50;ARIMA(0, 0, 1)x(2, 1, 2, 24)24 - AIC:1924.0384738619537
51;ARIMA(0, 0, 1)x(2, 2, 0, 24)24 - AIC:2031.540998935392
52;ARIMA(0, 0, 1)x(2, 2, 1, 24)24 - AIC:1901.4425860905792
53;ARIMA(0, 0, 1)x(2, 2, 2, 24)24 - AIC:1892.7013590499719
54;ARIMA(0, 0, 2)x(0, 0, 0, 24)24 - AIC:3162.3713156909616
55;ARIMA(0, 0, 2)x(0, 0, 1, 24)24 - AIC:2860.3533978135965
56;ARIMA(0, 0, 2)x(0, 0, 2, 24)24 - AIC:2465.6232571492565
57;ARIMA(0, 0, 2)x(0, 1, 0, 24)24 - AIC:2011.9336339401477
58;ARIMA(0, 0, 2)x(0, 1, 1, 24)24 - AIC:1807.4388955168836
59;ARIMA(0, 0, 2)x(0, 1, 2, 24)24 - AIC:1696.3442965479567
60;ARIMA(0, 0, 2)x(0, 2, 0, 24)24 - AIC:2345.959648145743
61;ARIMA(0, 0, 2)x(0, 2, 1, 24)24 - AIC:1868.1934959038476
62;ARIMA(0, 0, 2)x(0, 2, 2, 24)24 - AIC:1696.1290937992562
63;ARIMA(0, 0, 2)x(1, 0, 0, 24)24 - AIC:2285.332039813023
64;ARIMA(0, 0, 2)x(1, 0, 1, 24)24 - AIC:1923.147837922324
65;ARIMA(0, 0, 2)x(1, 0, 2, 24)24 - AIC:1787.1333156804153
66;ARIMA(0, 0, 2)x(1, 1, 0, 24)24 - AIC:1859.3865511429117
67;ARIMA(0, 0, 2)x(1, 1, 1, 24)24 - AIC:1798.6872329714429
68;ARIMA(0, 0, 2)x(1, 1, 2, 24)24 - AIC:1697.9623148525397
69;ARIMA(0, 0, 2)x(1, 2, 0, 24)24 - AIC:2073.9822000145186
70;ARIMA(0, 0, 2)x(1, 2, 1, 24)24 - AIC:1834.2960702712007
71;ARIMA(0, 0, 2)x(1, 2, 2, 24)24 - AIC:1699.7508235823666
72;ARIMA(0, 0, 2)x(2, 0, 0, 24)24 - AIC:1861.345351087919
73;ARIMA(0, 0, 2)x(2, 0, 1, 24)24 - AIC:1804.103579446586
74;ARIMA(0, 0, 2)x(2, 0, 2, 24)24 - AIC:2087.8931566758274
75;ARIMA(0, 0, 2)x(2, 1, 0, 24)24 - AIC:1817.1370908387353
76;ARIMA(0, 0, 2)x(2, 1, 1, 24)24 - AIC:1711.8561984517048
77;ARIMA(0, 0, 2)x(2, 1, 2, 24)24 - AIC:1698.2926352383763
78;ARIMA(0, 0, 2)x(2, 2, 0, 24)24 - AIC:1856.8286007088109
79;ARIMA(0, 0, 2)x(2, 2, 1, 24)24 - AIC:1704.3673664489293
80;ARIMA(0, 0, 2)x(2, 2, 2, 24)24 - AIC:1688.6467762292993
81;ARIMA(0, 1, 0)x(0, 0, 0, 24)24 - AIC:1872.6838760393414
82;ARIMA(0, 1, 0)x(0, 0, 1, 24)24 - AIC:1728.4719550426141
83;ARIMA(0, 1, 0)x(0, 0, 2, 24)24 - AIC:1604.9302940201599
84;ARIMA(0, 1, 0)x(0, 1, 0, 24)24 - AIC:1843.9420958351357
85;ARIMA(0, 1, 0)x(0, 1, 1, 24)24 - AIC:1563.002736423533
86;ARIMA(0, 1, 0)x(0, 1, 2, 24)24 - AIC:1481.996312354799
87;ARIMA(0, 1, 0)x(0, 2, 0, 24)24 - AIC:2261.291672193449
88;ARIMA(0, 1, 0)x(0, 2, 1, 24)24 - AIC:1733.914677821976
89;ARIMA(0, 1, 0)x(0, 2, 2, 24)24 - AIC:1489.4602446664326
90;ARIMA(0, 1, 0)x(1, 0, 0, 24)24 - AIC:1685.3214464568769
91;ARIMA(0, 1, 0)x(1, 0, 1, 24)24 - AIC:1622.672301916722
92;ARIMA(0, 1, 0)x(1, 0, 2, 24)24 - AIC:1557.3357484547314
93;ARIMA(0, 1, 0)x(1, 1, 0, 24)24 - AIC:1653.0821670440941
94;ARIMA(0, 1, 0)x(1, 1, 1, 24)24 - AIC:1574.309555311323
95;ARIMA(0, 1, 0)x(1, 1, 2, 24)24 - AIC:1483.3625544276265
96;ARIMA(0, 1, 0)x(1, 2, 0, 24)24 - AIC:1921.9647417170413
97;ARIMA(0, 1, 0)x(1, 2, 1, 24)24 - AIC:1657.4096952596474
98;ARIMA(0, 1, 0)x(1, 2, 2, 24)24 - AIC:1516.3996404852714
99;ARIMA(0, 1, 0)x(2, 0, 0, 24)24 - AIC:1567.4950994301014
100;ARIMA(0, 1, 0)x(2, 0, 1, 24)24 - AIC:1556.8106042167028
101;ARIMA(0, 1, 0)x(2, 0, 2, 24)24 - AIC:1550.5702207464387
102;ARIMA(0, 1, 0)x(2, 1, 0, 24)24 - AIC:1504.9885976433034
103;ARIMA(0, 1, 0)x(2, 1, 1, 24)24 - AIC:1476.628751777209
104;ARIMA(0, 1, 0)x(2, 1, 2, 24)24 - AIC:1475.954294841758
105;ARIMA(0, 1, 0)x(2, 2, 0, 24)24 - AIC:1701.3511472868431
106;ARIMA(0, 1, 0)x(2, 2, 1, 24)24 - AIC:1511.570942514636
107;ARIMA(0, 1, 0)x(2, 2, 2, 24)24 - AIC:1498.902604613665
108;ARIMA(0, 1, 1)x(0, 0, 0, 24)24 - AIC:1746.7735792776862
109;ARIMA(0, 1, 1)x(0, 0, 1, 24)24 - AIC:1649.8670695843816
110;ARIMA(0, 1, 1)x(0, 0, 2, 24)24 - AIC:1544.2517389424982
111;ARIMA(0, 1, 1)x(0, 1, 0, 24)24 - AIC:1825.9627697016374
112;ARIMA(0, 1, 1)x(0, 1, 1, 24)24 - AIC:1526.222819592802
113;ARIMA(0, 1, 1)x(0, 1, 2, 24)24 - AIC:1448.6774758269835
114;ARIMA(0, 1, 1)x(0, 2, 0, 24)24 - AIC:2251.058265759437
115;ARIMA(0, 1, 1)x(0, 2, 1, 24)24 - AIC:1721.0308880228304
116;ARIMA(0, 1, 1)x(0, 2, 2, 24)24 - AIC:1463.1463261673036
117;ARIMA(0, 1, 1)x(1, 0, 0, 24)24 - AIC:1635.0182325888168
118;ARIMA(0, 1, 1)x(1, 0, 1, 24)24 - AIC:1582.9812766714501
119;ARIMA(0, 1, 1)x(1, 0, 2, 24)24 - AIC:1517.2547264609086
120;ARIMA(0, 1, 1)x(1, 1, 0, 24)24 - AIC:1621.91308176034
121;ARIMA(0, 1, 1)x(1, 1, 1, 24)24 - AIC:1533.4571185114373
122;ARIMA(0, 1, 1)x(1, 1, 2, 24)24 - AIC:1450.2059273269901
123;ARIMA(0, 1, 1)x(1, 2, 0, 24)24 - AIC:1892.8174479873276
124;ARIMA(0, 1, 1)x(1, 2, 1, 24)24 - AIC:1625.209154662876
125;ARIMA(0, 1, 1)x(1, 2, 2, 24)24 - AIC:1465.1458213291726
126;ARIMA(0, 1, 1)x(2, 0, 0, 24)24 - AIC:1526.515162346403
127;ARIMA(0, 1, 1)x(2, 0, 1, 24)24 - AIC:1518.1540730686033
128;ARIMA(0, 1, 1)x(2, 0, 2, 24)24 - AIC:1510.4443715332281
129;ARIMA(0, 1, 1)x(2, 1, 0, 24)24 - AIC:1489.48239375396
130;ARIMA(0, 1, 1)x(2, 1, 1, 24)24 - AIC:1452.6370126516142
131;ARIMA(0, 1, 1)x(2, 1, 2, 24)24 - AIC:1448.6409159126652
132;ARIMA(0, 1, 1)x(2, 2, 0, 24)24 - AIC:1691.4457513638222
133;ARIMA(0, 1, 1)x(2, 2, 1, 24)24 - AIC:1498.1572966684673
134;ARIMA(0, 1, 1)x(2, 2, 2, 24)24 - AIC:1478.8973437805778
135;ARIMA(0, 1, 2)x(0, 0, 0, 24)24 - AIC:1709.1203054349776
136;ARIMA(0, 1, 2)x(0, 0, 1, 24)24 - AIC:1625.730734002921
137;ARIMA(0, 1, 2)x(0, 0, 2, 24)24 - AIC:1529.92319566884
138;ARIMA(0, 1, 2)x(0, 1, 0, 24)24 - AIC:1825.0912069503083
139;ARIMA(0, 1, 2)x(0, 1, 1, 24)24 - AIC:1520.9896074590645
140;ARIMA(0, 1, 2)x(0, 1, 2, 24)24 - AIC:1443.3981199549441
141;ARIMA(0, 1, 2)x(0, 2, 0, 24)24 - AIC:2249.063517620302
142;ARIMA(0, 1, 2)x(0, 2, 1, 24)24 - AIC:1719.5292968009564
143;ARIMA(0, 1, 2)x(0, 2, 2, 24)24 - AIC:1460.203398930137
144;ARIMA(0, 1, 2)x(1, 0, 0, 24)24 - AIC:1622.5549374528455
145;ARIMA(0, 1, 2)x(1, 0, 1, 24)24 - AIC:1576.5643959441657
146;ARIMA(0, 1, 2)x(1, 0, 2, 24)24 - AIC:1509.7859080531114
147;ARIMA(0, 1, 2)x(1, 1, 0, 24)24 - AIC:1622.782010584023
148;ARIMA(0, 1, 2)x(1, 1, 1, 24)24 - AIC:1526.2422141397292
149;ARIMA(0, 1, 2)x(1, 1, 2, 24)24 - AIC:1444.8674176928112
150;ARIMA(0, 1, 2)x(1, 2, 0, 24)24 - AIC:1894.6995165241246
151;ARIMA(0, 1, 2)x(1, 2, 1, 24)24 - AIC:1622.9780147838608
152;ARIMA(0, 1, 2)x(1, 2, 2, 24)24 - AIC:1478.7984708270048
153;ARIMA(0, 1, 2)x(2, 0, 0, 24)24 - AIC:1521.1465227248623
154;ARIMA(0, 1, 2)x(2, 0, 1, 24)24 - AIC:1513.0615096904883
155;ARIMA(0, 1, 2)x(2, 0, 2, 24)24 - AIC:1503.844353169581
156;ARIMA(0, 1, 2)x(2, 1, 0, 24)24 - AIC:1490.115327646873
157;ARIMA(0, 1, 2)x(2, 1, 1, 24)24 - AIC:1450.0041356697711
158;ARIMA(0, 1, 2)x(2, 1, 2, 24)24 - AIC:1443.4121013801937
159;ARIMA(0, 1, 2)x(2, 2, 0, 24)24 - AIC:1693.3696734832151
160;ARIMA(0, 1, 2)x(2, 2, 1, 24)24 - AIC:1499.263683547823
161;ARIMA(0, 1, 2)x(2, 2, 2, 24)24 - AIC:1475.2119639836596
162;ARIMA(0, 2, 0)x(0, 0, 0, 24)24 - AIC:1822.3060132336013
163;ARIMA(0, 2, 0)x(0, 0, 1, 24)24 - AIC:1742.5768488305102
164;ARIMA(0, 2, 0)x(0, 0, 2, 24)24 - AIC:1663.402486661797
165;ARIMA(0, 2, 0)x(0, 1, 0, 24)24 - AIC:2083.957395925529
166;ARIMA(0, 2, 0)x(0, 1, 1, 24)24 - AIC:1709.7622306114733
167;ARIMA(0, 2, 0)x(0, 1, 2, 24)24 - AIC:1621.5974373087727
168;ARIMA(0, 2, 0)x(0, 2, 0, 24)24 - AIC:2519.0655461242695
169;ARIMA(0, 2, 0)x(0, 2, 1, 24)24 - AIC:1965.8760444434931
170;ARIMA(0, 2, 0)x(0, 2, 2, 24)24 - AIC:1652.889111218578
171;ARIMA(0, 2, 0)x(1, 0, 0, 24)24 - AIC:1745.9187968186739
172;ARIMA(0, 2, 0)x(1, 0, 1, 24)24 - AIC:1742.382241972259
173;ARIMA(0, 2, 0)x(1, 0, 2, 24)24 - AIC:1665.4023508151024
174;ARIMA(0, 2, 0)x(1, 1, 0, 24)24 - AIC:1826.9823830398664
175;ARIMA(0, 2, 0)x(1, 1, 1, 24)24 - AIC:1708.7262888352388
176;ARIMA(0, 2, 0)x(1, 1, 2, 24)24 - AIC:1623.5974377984103
177;ARIMA(0, 2, 0)x(1, 2, 0, 24)24 - AIC:2092.1091009125435
178;ARIMA(0, 2, 0)x(1, 2, 1, 24)24 - AIC:1824.8799917638135
179;ARIMA(0, 2, 0)x(1, 2, 2, 24)24 - AIC:1660.7873154656118
180;ARIMA(0, 2, 0)x(2, 0, 0, 24)24 - AIC:1665.045897030556
181;ARIMA(0, 2, 0)x(2, 0, 1, 24)24 - AIC:1666.9549865935355
182;ARIMA(0, 2, 0)x(2, 0, 2, 24)24 - AIC:1665.2126932639599
183;ARIMA(0, 2, 0)x(2, 1, 0, 24)24 - AIC:1700.2910329830938
184;ARIMA(0, 2, 0)x(2, 1, 1, 24)24 - AIC:1627.240414892789
185;ARIMA(0, 2, 0)x(2, 1, 2, 24)24 - AIC:1626.8575416779067
186;ARIMA(0, 2, 0)x(2, 2, 0, 24)24 - AIC:1902.673930734556
187;ARIMA(0, 2, 0)x(2, 2, 1, 24)24 - AIC:1701.1615892212542
188;ARIMA(0, 2, 0)x(2, 2, 2, 24)24 - AIC:1674.3312471552367
189;ARIMA(0, 2, 1)x(0, 0, 0, 24)24 - AIC:1744.284873091376
190;ARIMA(0, 2, 1)x(0, 0, 1, 24)24 - AIC:1664.4044124943287
191;ARIMA(0, 2, 1)x(0, 0, 2, 24)24 - AIC:1569.125186959137
192;ARIMA(0, 2, 1)x(0, 1, 0, 24)24 - AIC:1845.3455923447698
193;ARIMA(0, 2, 1)x(0, 1, 1, 24)24 - AIC:1586.3828439342708
194;ARIMA(0, 2, 1)x(0, 1, 2, 24)24 - AIC:1502.4503303712581
195;ARIMA(0, 2, 1)x(0, 2, 0, 24)24 - AIC:2260.7276429515205
196;ARIMA(0, 2, 1)x(0, 2, 1, 24)24 - AIC:1736.0783313989969
197;ARIMA(0, 2, 1)x(0, 2, 2, 24)24 - AIC:1492.4281128380358
198;ARIMA(0, 2, 1)x(1, 0, 0, 24)24 - AIC:1664.9292572856148
199;ARIMA(0, 2, 1)x(1, 0, 1, 24)24 - AIC:1637.2250554006837
200;ARIMA(0, 2, 1)x(1, 0, 2, 24)24 - AIC:1566.5972183754234
201;ARIMA(0, 2, 1)x(1, 1, 0, 24)24 - AIC:1658.6466678405063
202;ARIMA(0, 2, 1)x(1, 1, 1, 24)24 - AIC:1593.119307609907
203;ARIMA(0, 2, 1)x(1, 1, 2, 24)24 - AIC:1503.7345438082925
204;ARIMA(0, 2, 1)x(1, 2, 0, 24)24 - AIC:1926.7622958766292
205;ARIMA(0, 2, 1)x(1, 2, 1, 24)24 - AIC:1661.9131924848236
206;ARIMA(0, 2, 1)x(1, 2, 2, 24)24 - AIC:1520.6754998962897
207;ARIMA(0, 2, 1)x(2, 0, 0, 24)24 - AIC:1567.9022241485568
208;ARIMA(0, 2, 1)x(2, 0, 1, 24)24 - AIC:1567.4795830095904
209;ARIMA(0, 2, 1)x(2, 0, 2, 24)24 - AIC:1561.5610822413591
210;ARIMA(0, 2, 1)x(2, 1, 0, 24)24 - AIC:1510.6138898856316
211;ARIMA(0, 2, 1)x(2, 1, 1, 24)24 - AIC:1505.709994179318
212;ARIMA(0, 2, 1)x(2, 1, 2, 24)24 - AIC:1500.9089469752025
213;ARIMA(0, 2, 1)x(2, 2, 0, 24)24 - AIC:1706.4016131659494
214;ARIMA(0, 2, 1)x(2, 2, 1, 24)24 - AIC:1520.5810376386075
215;ARIMA(0, 2, 1)x(2, 2, 2, 24)24 - AIC:1504.0980221273712
216;ARIMA(0, 2, 2)x(0, 0, 0, 24)24 - AIC:1741.3290309590489
217;ARIMA(0, 2, 2)x(0, 0, 1, 24)24 - AIC:1660.6353192271777
218;ARIMA(0, 2, 2)x(0, 0, 2, 24)24 - AIC:1566.6747603755382
219;ARIMA(0, 2, 2)x(0, 1, 0, 24)24 - AIC:1826.8400246018139
220;ARIMA(0, 2, 2)x(0, 1, 1, 24)24 - AIC:1529.0446200587048
221;ARIMA(0, 2, 2)x(0, 1, 2, 24)24 - AIC:1451.3202016973776
222;ARIMA(0, 2, 2)x(0, 2, 0, 24)24 - AIC:2249.7550052941
223;ARIMA(0, 2, 2)x(0, 2, 1, 24)24 - AIC:1723.6553118301304
224;ARIMA(0, 2, 2)x(0, 2, 2, 24)24 - AIC:1466.8935936209064
225;ARIMA(0, 2, 2)x(1, 0, 0, 24)24 - AIC:1663.6704859734332
226;ARIMA(0, 2, 2)x(1, 0, 1, 24)24 - AIC:1586.6351909770092
227;ARIMA(0, 2, 2)x(1, 0, 2, 24)24 - AIC:1521.0606321091486
228;ARIMA(0, 2, 2)x(1, 1, 0, 24)24 - AIC:1627.1224828872591
229;ARIMA(0, 2, 2)x(1, 1, 1, 24)24 - AIC:1537.51532083532
230;ARIMA(0, 2, 2)x(1, 1, 2, 24)24 - AIC:1453.089143521437
231;ARIMA(0, 2, 2)x(1, 2, 0, 24)24 - AIC:1897.2206969306965
232;ARIMA(0, 2, 2)x(1, 2, 1, 24)24 - AIC:1629.8657561100586
233;ARIMA(0, 2, 2)x(1, 2, 2, 24)24 - AIC:1488.6365670418686
234;ARIMA(0, 2, 2)x(2, 0, 0, 24)24 - AIC:1531.9516148783223
235;ARIMA(0, 2, 2)x(2, 0, 1, 24)24 - AIC:1524.9273494036415
236;ARIMA(0, 2, 2)x(2, 0, 2, 24)24 - AIC:1514.2967149832648
237;ARIMA(0, 2, 2)x(2, 1, 0, 24)24 - AIC:1494.8258452783639
238;ARIMA(0, 2, 2)x(2, 1, 1, 24)24 - AIC:1459.7381403114791
239;ARIMA(0, 2, 2)x(2, 1, 2, 24)24 - AIC:1452.275984631855
240;ARIMA(0, 2, 2)x(2, 2, 0, 24)24 - AIC:1696.2017582325307
241;ARIMA(0, 2, 2)x(2, 2, 1, 24)24 - AIC:1506.8814279338171
242;ARIMA(0, 2, 2)x(2, 2, 2, 24)24 - AIC:1483.5433972082092
243;ARIMA(1, 0, 0)x(0, 0, 0, 24)24 - AIC:1876.7139934613233
244;ARIMA(1, 0, 0)x(0, 0, 1, 24)24 - AIC:1732.1349005622224
245;ARIMA(1, 0, 0)x(0, 0, 2, 24)24 - AIC:1608.138791251335
246;ARIMA(1, 0, 0)x(0, 1, 0, 24)24 - AIC:1827.3535668980671
247;ARIMA(1, 0, 0)x(0, 1, 1, 24)24 - AIC:1552.7025908133933
248;ARIMA(1, 0, 0)x(0, 1, 2, 24)24 - AIC:1471.665020515732
249;ARIMA(1, 0, 0)x(0, 2, 0, 24)24 - AIC:2239.098817095915
250;ARIMA(1, 0, 0)x(0, 2, 1, 24)24 - AIC:1718.0634857179407
251;ARIMA(1, 0, 0)x(0, 2, 2, 24)24 - AIC:1480.1187994866602
252;ARIMA(1, 0, 0)x(1, 0, 0, 24)24 - AIC:1685.2245629224522
253;ARIMA(1, 0, 0)x(1, 0, 1, 24)24 - AIC:1621.8484915842419
254;ARIMA(1, 0, 0)x(1, 0, 2, 24)24 - AIC:1556.2031303837905
255;ARIMA(1, 0, 0)x(1, 1, 0, 24)24 - AIC:1637.7555912958255
256;ARIMA(1, 0, 0)x(1, 1, 1, 24)24 - AIC:1563.4223832541006
257;ARIMA(1, 0, 0)x(1, 1, 2, 24)24 - AIC:1473.4235092998538
258;ARIMA(1, 0, 0)x(1, 2, 0, 24)24 - AIC:1905.9970687949485
259;ARIMA(1, 0, 0)x(1, 2, 1, 24)24 - AIC:1645.8281324071015
260;ARIMA(1, 0, 0)x(1, 2, 2, 24)24 - AIC:1482.1186437707124
261;ARIMA(1, 0, 0)x(2, 0, 0, 24)24 - AIC:1566.6130516532016
262;ARIMA(1, 0, 0)x(2, 0, 1, 24)24 - AIC:1553.4273628248347
263;ARIMA(1, 0, 0)x(2, 0, 2, 24)24 - AIC:1549.7642879810028
264;ARIMA(1, 0, 0)x(2, 1, 0, 24)24 - AIC:1489.4490945574871
265;ARIMA(1, 0, 0)x(2, 1, 1, 24)24 - AIC:1464.0627672817184
266;ARIMA(1, 0, 0)x(2, 1, 2, 24)24 - AIC:1465.9158668356981
267;ARIMA(1, 0, 0)x(2, 2, 0, 24)24 - AIC:1685.3094367343028
268;ARIMA(1, 0, 0)x(2, 2, 1, 24)24 - AIC:1496.5702391521825
269;ARIMA(1, 0, 0)x(2, 2, 2, 24)24 - AIC:1488.2494659041513
270;ARIMA(1, 0, 1)x(0, 0, 0, 24)24 - AIC:1750.175767724957
271;ARIMA(1, 0, 1)x(0, 0, 1, 24)24 - AIC:1652.8202105088158
272;ARIMA(1, 0, 1)x(0, 0, 2, 24)24 - AIC:1547.1202647337586
273;ARIMA(1, 0, 1)x(0, 1, 0, 24)24 - AIC:1801.6193874622504
274;ARIMA(1, 0, 1)x(0, 1, 1, 24)24 - AIC:1510.5649152103554
275;ARIMA(1, 0, 1)x(0, 1, 2, 24)24 - AIC:1433.0862148825477
276;ARIMA(1, 0, 1)x(0, 2, 0, 24)24 - AIC:2220.168449954107
277;ARIMA(1, 0, 1)x(0, 2, 1, 24)24 - AIC:1698.2387349872668
278;ARIMA(1, 0, 1)x(0, 2, 2, 24)24 - AIC:1449.4536455025964
279;ARIMA(1, 0, 1)x(1, 0, 0, 24)24 - AIC:1634.8324426767542
280;ARIMA(1, 0, 1)x(1, 0, 1, 24)24 - AIC:1581.8737915671388
281;ARIMA(1, 0, 1)x(1, 0, 2, 24)24 - AIC:1515.1950899630765
282;ARIMA(1, 0, 1)x(1, 1, 0, 24)24 - AIC:1599.259422183275
283;ARIMA(1, 0, 1)x(1, 1, 1, 24)24 - AIC:1517.048913165001
284;ARIMA(1, 0, 1)x(1, 1, 2, 24)24 - AIC:1434.9736435456184
285;ARIMA(1, 0, 1)x(1, 2, 0, 24)24 - AIC:1868.0885548172705
286;ARIMA(1, 0, 1)x(1, 2, 1, 24)24 - AIC:1607.2845335498273
287;ARIMA(1, 0, 1)x(1, 2, 2, 24)24 - AIC:1468.30024105659
288;ARIMA(1, 0, 1)x(2, 0, 0, 24)24 - AIC:1525.4086708559123
289;ARIMA(1, 0, 1)x(2, 0, 1, 24)24 - AIC:1514.2239152957482
290;ARIMA(1, 0, 1)x(2, 0, 2, 24)24 - AIC:1509.2314409531243
291;ARIMA(1, 0, 1)x(2, 1, 0, 24)24 - AIC:1469.0024862787925
292;ARIMA(1, 0, 1)x(2, 1, 1, 24)24 - AIC:1435.8518003411446
293;ARIMA(1, 0, 1)x(2, 1, 2, 24)24 - AIC:1434.0704560434697
294;ARIMA(1, 0, 1)x(2, 2, 0, 24)24 - AIC:1669.4222188485141
295;ARIMA(1, 0, 1)x(2, 2, 1, 24)24 - AIC:1479.5164659605898
296;ARIMA(1, 0, 1)x(2, 2, 2, 24)24 - AIC:1464.4761928937328
297;ARIMA(1, 0, 2)x(0, 0, 0, 24)24 - AIC:1712.0638508027828
298;ARIMA(1, 0, 2)x(0, 0, 1, 24)24 - AIC:1628.2214762451533
299;ARIMA(1, 0, 2)x(0, 0, 2, 24)24 - AIC:1532.4331752426021
300;ARIMA(1, 0, 2)x(0, 1, 0, 24)24 - AIC:1798.6914386668902
301;ARIMA(1, 0, 2)x(0, 1, 1, 24)24 - AIC:1502.2246427739944
302;ARIMA(1, 0, 2)x(0, 1, 2, 24)24 - AIC:1425.1791039437558
303;ARIMA(1, 0, 2)x(0, 2, 0, 24)24 - AIC:2217.497255193435
304;ARIMA(1, 0, 2)x(0, 2, 1, 24)24 - AIC:1695.9775356442954
305;ARIMA(1, 0, 2)x(0, 2, 2, 24)24 - AIC:1444.335359228502
306;ARIMA(1, 0, 2)x(1, 0, 0, 24)24 - AIC:1622.151816474568
307;ARIMA(1, 0, 2)x(1, 0, 1, 24)24 - AIC:1575.0946448782342
308;ARIMA(1, 0, 2)x(1, 0, 2, 24)24 - AIC:1507.5472795390938
309;ARIMA(1, 0, 2)x(1, 1, 0, 24)24 - AIC:1597.6842936772796
310;ARIMA(1, 0, 2)x(1, 1, 1, 24)24 - AIC:1506.6035872419711
311;ARIMA(1, 0, 2)x(1, 1, 2, 24)24 - AIC:1427.0313919771188
312;ARIMA(1, 0, 2)x(1, 2, 0, 24)24 - AIC:1868.146312747845
313;ARIMA(1, 0, 2)x(1, 2, 1, 24)24 - AIC:1602.572044085477
314;ARIMA(1, 0, 2)x(1, 2, 2, 24)24 - AIC:1460.1544610386022
315;ARIMA(1, 0, 2)x(2, 0, 0, 24)24 - AIC:1519.9487459986744
316;ARIMA(1, 0, 2)x(2, 0, 1, 24)24 - AIC:1508.8453163727906
317;ARIMA(1, 0, 2)x(2, 0, 2, 24)24 - AIC:1502.4556246813236
318;ARIMA(1, 0, 2)x(2, 1, 0, 24)24 - AIC:1467.6246597077243
319;ARIMA(1, 0, 2)x(2, 1, 1, 24)24 - AIC:1430.5238176201055
320;ARIMA(1, 0, 2)x(2, 1, 2, 24)24 - AIC:1426.132803398302
321;ARIMA(1, 0, 2)x(2, 2, 0, 24)24 - AIC:1670.0736585415748
322;ARIMA(1, 0, 2)x(2, 2, 1, 24)24 - AIC:1479.1087378946777
323;ARIMA(1, 0, 2)x(2, 2, 2, 24)24 - AIC:1458.9500730716834
324;ARIMA(1, 1, 0)x(0, 0, 0, 24)24 - AIC:1692.2782442541775
325;ARIMA(1, 1, 0)x(0, 0, 1, 24)24 - AIC:1615.0343554352175
326;ARIMA(1, 1, 0)x(0, 0, 2, 24)24 - AIC:1524.572482452283
327;ARIMA(1, 1, 0)x(0, 1, 0, 24)24 - AIC:1829.0604562017752
328;ARIMA(1, 1, 0)x(0, 1, 1, 24)24 - AIC:1522.4898904704123
329;ARIMA(1, 1, 0)x(0, 1, 2, 24)24 - AIC:1444.9650167463406
330;ARIMA(1, 1, 0)x(0, 2, 0, 24)24 - AIC:2255.461976422335
331;ARIMA(1, 1, 0)x(0, 2, 1, 24)24 - AIC:1725.1755463428683
332;ARIMA(1, 1, 0)x(0, 2, 2, 24)24 - AIC:1464.243490322815
333;ARIMA(1, 1, 0)x(1, 0, 0, 24)24 - AIC:1609.1663369676876
334;ARIMA(1, 1, 0)x(1, 0, 1, 24)24 - AIC:1577.3528629969646
335;ARIMA(1, 1, 0)x(1, 0, 2, 24)24 - AIC:1510.1030247362894
336;ARIMA(1, 1, 0)x(1, 1, 0, 24)24 - AIC:1617.0697071896097
337;ARIMA(1, 1, 0)x(1, 1, 1, 24)24 - AIC:1528.025950277679
338;ARIMA(1, 1, 0)x(1, 1, 2, 24)24 - AIC:1446.7832605797853
339;ARIMA(1, 1, 0)x(1, 2, 0, 24)24 - AIC:1889.9032699118875
340;ARIMA(1, 1, 0)x(1, 2, 1, 24)24 - AIC:1627.1002979123805
341;ARIMA(1, 1, 0)x(1, 2, 2, 24)24 - AIC:1483.2441780567224
342;ARIMA(1, 1, 0)x(2, 0, 0, 24)24 - AIC:1512.3102400339217
343;ARIMA(1, 1, 0)x(2, 0, 1, 24)24 - AIC:1506.0911265617776
344;ARIMA(1, 1, 0)x(2, 0, 2, 24)24 - AIC:1504.1405552869094
345;ARIMA(1, 1, 0)x(2, 1, 0, 24)24 - AIC:1485.0523155882654
346;ARIMA(1, 1, 0)x(2, 1, 1, 24)24 - AIC:1444.6421085093725
347;ARIMA(1, 1, 0)x(2, 1, 2, 24)24 - AIC:1445.6708026939432
348;ARIMA(1, 1, 0)x(2, 2, 0, 24)24 - AIC:1687.9986054723918
349;ARIMA(1, 1, 0)x(2, 2, 1, 24)24 - AIC:1493.5817697130974
350;ARIMA(1, 1, 0)x(2, 2, 2, 24)24 - AIC:1480.0592018927568
351;ARIMA(1, 1, 1)x(0, 0, 0, 24)24 - AIC:1684.0430505518352
352;ARIMA(1, 1, 1)x(0, 0, 1, 24)24 - AIC:1606.6863254256903
353;ARIMA(1, 1, 1)x(0, 0, 2, 24)24 - AIC:1515.3927653963515
354;ARIMA(1, 1, 1)x(0, 1, 0, 24)24 - AIC:1827.8972667889757
355;ARIMA(1, 1, 1)x(0, 1, 1, 24)24 - AIC:1520.2944709600597
356;ARIMA(1, 1, 1)x(0, 1, 2, 24)24 - AIC:1442.318103455837
357;ARIMA(1, 1, 1)x(0, 2, 0, 24)24 - AIC:2252.8894568196047
358;ARIMA(1, 1, 1)x(0, 2, 1, 24)24 - AIC:1722.944162120276
359;ARIMA(1, 1, 1)x(0, 2, 2, 24)24 - AIC:1462.109015714775
360;ARIMA(1, 1, 1)x(1, 0, 0, 24)24 - AIC:1603.655897380323
361;ARIMA(1, 1, 1)x(1, 0, 1, 24)24 - AIC:1573.0501340350916
362;ARIMA(1, 1, 1)x(1, 0, 2, 24)24 - AIC:1506.066878760394
363;ARIMA(1, 1, 1)x(1, 1, 0, 24)24 - AIC:1618.8483209859428
364;ARIMA(1, 1, 1)x(1, 1, 1, 24)24 - AIC:1525.5621755351312
365;ARIMA(1, 1, 1)x(1, 1, 2, 24)24 - AIC:1443.849736858604
366;ARIMA(1, 1, 1)x(1, 2, 0, 24)24 - AIC:1891.3568522928058
367;ARIMA(1, 1, 1)x(1, 2, 1, 24)24 - AIC:1625.3463716427607
368;ARIMA(1, 1, 1)x(1, 2, 2, 24)24 - AIC:1481.084619651901
369;ARIMA(1, 1, 1)x(2, 0, 0, 24)24 - AIC:1508.3515401498958
370;ARIMA(1, 1, 1)x(2, 0, 1, 24)24 - AIC:1504.22070642377
371;ARIMA(1, 1, 1)x(2, 0, 2, 24)24 - AIC:1500.3236659876547
372;ARIMA(1, 1, 1)x(2, 1, 0, 24)24 - AIC:1485.5573078965047
373;ARIMA(1, 1, 1)x(2, 1, 1, 24)24 - AIC:1443.8820534804959
374;ARIMA(1, 1, 1)x(2, 1, 2, 24)24 - AIC:1442.2930300964333
375;ARIMA(1, 1, 1)x(2, 2, 0, 24)24 - AIC:1689.6678305692192
376;ARIMA(1, 1, 1)x(2, 2, 1, 24)24 - AIC:1494.6513786040093
377;ARIMA(1, 1, 1)x(2, 2, 2, 24)24 - AIC:1477.2354061997853
378;ARIMA(1, 1, 2)x(0, 0, 0, 24)24 - AIC:1683.3145713822682
379;ARIMA(1, 1, 2)x(0, 0, 1, 24)24 - AIC:1606.3729518359773
380;ARIMA(1, 1, 2)x(0, 0, 2, 24)24 - AIC:1514.8667315663508
381;ARIMA(1, 1, 2)x(0, 1, 0, 24)24 - AIC:1826.7081269190116
382;ARIMA(1, 1, 2)x(0, 1, 1, 24)24 - AIC:1520.1699597408983
383;ARIMA(1, 1, 2)x(0, 1, 2, 24)24 - AIC:1441.9296268872718
384;ARIMA(1, 1, 2)x(0, 2, 0, 24)24 - AIC:2241.4787486450896
385;ARIMA(1, 1, 2)x(0, 2, 1, 24)24 - AIC:1721.5213423679907
386;ARIMA(1, 1, 2)x(0, 2, 2, 24)24 - AIC:1461.8207379125706
387;ARIMA(1, 1, 2)x(1, 0, 0, 24)24 - AIC:1605.589877333934
388;ARIMA(1, 1, 2)x(1, 0, 1, 24)24 - AIC:1572.9517670133205
389;ARIMA(1, 1, 2)x(1, 0, 2, 24)24 - AIC:1505.7017526453765
390;ARIMA(1, 1, 2)x(1, 1, 0, 24)24 - AIC:1620.361742914084
391;ARIMA(1, 1, 2)x(1, 1, 1, 24)24 - AIC:1524.8049887259526
392;ARIMA(1, 1, 2)x(1, 1, 2, 24)24 - AIC:1443.344125703864
393;ARIMA(1, 1, 2)x(1, 2, 0, 24)24 - AIC:1892.6933985641967
394;ARIMA(1, 1, 2)x(1, 2, 1, 24)24 - AIC:1623.4881777312262
395;ARIMA(1, 1, 2)x(1, 2, 2, 24)24 - AIC:1479.2314699589153
396;ARIMA(1, 1, 2)x(2, 0, 0, 24)24 - AIC:1510.3478695700678
397;ARIMA(1, 1, 2)x(2, 0, 1, 24)24 - AIC:1506.206596378015
398;ARIMA(1, 1, 2)x(2, 0, 2, 24)24 - AIC:1500.1946189698288
399;ARIMA(1, 1, 2)x(2, 1, 0, 24)24 - AIC:1487.5205621043638
400;ARIMA(1, 1, 2)x(2, 1, 1, 24)24 - AIC:1445.870040553919
401;ARIMA(1, 1, 2)x(2, 1, 2, 24)24 - AIC:1441.8143648492216
402;ARIMA(1, 1, 2)x(2, 2, 0, 24)24 - AIC:1692.3090484456375
403;ARIMA(1, 1, 2)x(2, 2, 1, 24)24 - AIC:1496.5775018422778
404;ARIMA(1, 1, 2)x(2, 2, 2, 24)24 - AIC:1475.469998839271
405;ARIMA(1, 2, 0)x(0, 0, 0, 24)24 - AIC:1766.7279284772549
406;ARIMA(1, 2, 0)x(0, 0, 1, 24)24 - AIC:1689.1576656012196
407;ARIMA(1, 2, 0)x(0, 0, 2, 24)24 - AIC:1601.784324936646
408;ARIMA(1, 2, 0)x(0, 1, 0, 24)24 - AIC:1998.6708225676684
409;ARIMA(1, 2, 0)x(0, 1, 1, 24)24 - AIC:1643.0147419048365
410;ARIMA(1, 2, 0)x(0, 1, 2, 24)24 - AIC:1555.4544266687544
411;ARIMA(1, 2, 0)x(0, 2, 0, 24)24 - AIC:2433.0784160962066
412;ARIMA(1, 2, 0)x(0, 2, 1, 24)24 - AIC:1886.4848016746305
413;ARIMA(1, 2, 0)x(0, 2, 2, 24)24 - AIC:1587.5655824933438
414;ARIMA(1, 2, 0)x(1, 0, 0, 24)24 - AIC:1688.1579188082171
415;ARIMA(1, 2, 0)x(1, 0, 1, 24)24 - AIC:1680.9943972603992
416;ARIMA(1, 2, 0)x(1, 0, 2, 24)24 - AIC:1603.1736402896588
417;ARIMA(1, 2, 0)x(1, 1, 0, 24)24 - AIC:1755.6189692168077
418;ARIMA(1, 2, 0)x(1, 1, 1, 24)24 - AIC:1643.7273899797729
419;ARIMA(1, 2, 0)x(1, 1, 2, 24)24 - AIC:1557.3833514595053
420;ARIMA(1, 2, 0)x(1, 2, 0, 24)24 - AIC:2030.3619573879655
421;ARIMA(1, 2, 0)x(1, 2, 1, 24)24 - AIC:1760.1263219127536
422;ARIMA(1, 2, 0)x(1, 2, 2, 24)24 - AIC:1598.438960569127
423;ARIMA(1, 2, 0)x(2, 0, 0, 24)24 - AIC:1599.7620902210097
424;ARIMA(1, 2, 0)x(2, 0, 1, 24)24 - AIC:1601.0890275534334
425;ARIMA(1, 2, 0)x(2, 0, 2, 24)24 - AIC:1602.4410723691017
426;ARIMA(1, 2, 0)x(2, 1, 0, 24)24 - AIC:1616.3304305077888
427;ARIMA(1, 2, 0)x(2, 1, 1, 24)24 - AIC:1556.252512929117
428;ARIMA(1, 2, 0)x(2, 1, 2, 24)24 - AIC:1556.8902784437219
429;ARIMA(1, 2, 0)x(2, 2, 0, 24)24 - AIC:1824.1229681345408
430;ARIMA(1, 2, 0)x(2, 2, 1, 24)24 - AIC:1621.6122606819463
431;ARIMA(1, 2, 0)x(2, 2, 2, 24)24 - AIC:1600.4143824448715
432;ARIMA(1, 2, 1)x(0, 0, 0, 24)24 - AIC:1695.2886905236758
433;ARIMA(1, 2, 1)x(0, 0, 1, 24)24 - AIC:1617.1754001931238
434;ARIMA(1, 2, 1)x(0, 0, 2, 24)24 - AIC:1526.4788167422855
435;ARIMA(1, 2, 1)x(0, 1, 0, 24)24 - AIC:1830.3697013914343
436;ARIMA(1, 2, 1)x(0, 1, 1, 24)24 - AIC:1525.4120116563001
437;ARIMA(1, 2, 1)x(0, 1, 2, 24)24 - AIC:1447.6394113268866
438;ARIMA(1, 2, 1)x(0, 2, 0, 24)24 - AIC:2254.8284922188927
439;ARIMA(1, 2, 1)x(0, 2, 1, 24)24 - AIC:1727.371609869796
440;ARIMA(1, 2, 1)x(0, 2, 2, 24)24 - AIC:1467.7325020214453
441;ARIMA(1, 2, 1)x(1, 0, 0, 24)24 - AIC:1615.1071247999478
442;ARIMA(1, 2, 1)x(1, 0, 1, 24)24 - AIC:1582.0743646488936
443;ARIMA(1, 2, 1)x(1, 0, 2, 24)24 - AIC:1514.150989581687
444;ARIMA(1, 2, 1)x(1, 1, 0, 24)24 - AIC:1621.792034516176
445;ARIMA(1, 2, 1)x(1, 1, 1, 24)24 - AIC:1532.4021593309935
446;ARIMA(1, 2, 1)x(1, 1, 2, 24)24 - AIC:1449.768359646564
447;ARIMA(1, 2, 1)x(1, 2, 0, 24)24 - AIC:1893.3987907985725
448;ARIMA(1, 2, 1)x(1, 2, 1, 24)24 - AIC:1631.459135533355
449;ARIMA(1, 2, 1)x(1, 2, 2, 24)24 - AIC:1487.6997000305978
450;ARIMA(1, 2, 1)x(2, 0, 0, 24)24 - AIC:1518.2724264467115
451;ARIMA(1, 2, 1)x(2, 0, 1, 24)24 - AIC:1513.3311662218448
452;ARIMA(1, 2, 1)x(2, 0, 2, 24)24 - AIC:1508.2588050645384
453;ARIMA(1, 2, 1)x(2, 1, 0, 24)24 - AIC:1489.7976814503536
454;ARIMA(1, 2, 1)x(2, 1, 1, 24)24 - AIC:1451.1458266962106
455;ARIMA(1, 2, 1)x(2, 1, 2, 24)24 - AIC:1449.397898718863
456;ARIMA(1, 2, 1)x(2, 2, 0, 24)24 - AIC:1692.0778819084378
457;ARIMA(1, 2, 1)x(2, 2, 1, 24)24 - AIC:1501.766591168218
458;ARIMA(1, 2, 1)x(2, 2, 2, 24)24 - AIC:1485.3553692241662
459;ARIMA(1, 2, 2)x(0, 0, 0, 24)24 - AIC:1686.7747567287659
460;ARIMA(1, 2, 2)x(0, 0, 1, 24)24 - AIC:1608.746037084573
461;ARIMA(1, 2, 2)x(0, 0, 2, 24)24 - AIC:1518.058672114039
462;ARIMA(1, 2, 2)x(0, 1, 0, 24)24 - AIC:1828.75285733282
463;ARIMA(1, 2, 2)x(0, 1, 1, 24)24 - AIC:1523.304724844292
464;ARIMA(1, 2, 2)x(0, 1, 2, 24)24 - AIC:1445.1953700764336
465;ARIMA(1, 2, 2)x(0, 2, 0, 24)24 - AIC:2251.603087028204
466;ARIMA(1, 2, 2)x(0, 2, 1, 24)24 - AIC:1725.5743888056163
467;ARIMA(1, 2, 2)x(0, 2, 2, 24)24 - AIC:1465.6379546702356
468;ARIMA(1, 2, 2)x(1, 0, 0, 24)24 - AIC:1610.195243297846
469;ARIMA(1, 2, 2)x(1, 0, 1, 24)24 - AIC:1576.947949542875
470;ARIMA(1, 2, 2)x(1, 0, 2, 24)24 - AIC:1510.1927946008236
471;ARIMA(1, 2, 2)x(1, 1, 0, 24)24 - AIC:1623.5048479821617
472;ARIMA(1, 2, 2)x(1, 1, 1, 24)24 - AIC:1529.563120145231
473;ARIMA(1, 2, 2)x(1, 1, 2, 24)24 - AIC:1446.948238174591
474;ARIMA(1, 2, 2)x(1, 2, 0, 24)24 - AIC:1894.9337765696412
475;ARIMA(1, 2, 2)x(1, 2, 1, 24)24 - AIC:1629.8822031289099
476;ARIMA(1, 2, 2)x(1, 2, 2, 24)24 - AIC:1485.447957194711
477;ARIMA(1, 2, 2)x(2, 0, 0, 24)24 - AIC:1514.9846952797539
478;ARIMA(1, 2, 2)x(2, 0, 1, 24)24 - AIC:1511.91884663391
479;ARIMA(1, 2, 2)x(2, 0, 2, 24)24 - AIC:1504.410485273491
480;ARIMA(1, 2, 2)x(2, 1, 0, 24)24 - AIC:1490.1475654565506
481;ARIMA(1, 2, 2)x(2, 1, 1, 24)24 - AIC:1450.2050058934847
482;ARIMA(1, 2, 2)x(2, 1, 2, 24)24 - AIC:1445.8586135996516
483;ARIMA(1, 2, 2)x(2, 2, 0, 24)24 - AIC:1693.6279283070216
484;ARIMA(1, 2, 2)x(2, 2, 1, 24)24 - AIC:1502.7057877018942
485;ARIMA(1, 2, 2)x(2, 2, 2, 24)24 - AIC:1481.7848709416521
486;ARIMA(2, 0, 0)x(0, 0, 0, 24)24 - AIC:1691.0517270860564
487;ARIMA(2, 0, 0)x(0, 0, 1, 24)24 - AIC:1616.5050736678027
488;ARIMA(2, 0, 0)x(0, 0, 2, 24)24 - AIC:1526.1346007297725
489;ARIMA(2, 0, 0)x(0, 1, 0, 24)24 - AIC:1798.3722092081825
490;ARIMA(2, 0, 0)x(0, 1, 1, 24)24 - AIC:1501.6920525195326
491;ARIMA(2, 0, 0)x(0, 1, 2, 24)24 - AIC:1424.498813480091
492;ARIMA(2, 0, 0)x(0, 2, 0, 24)24 - AIC:2218.4585736636463
493;ARIMA(2, 0, 0)x(0, 2, 1, 24)24 - AIC:1699.57691896096
494;ARIMA(2, 0, 0)x(0, 2, 2, 24)24 - AIC:1446.72864520112
495;ARIMA(2, 0, 0)x(1, 0, 0, 24)24 - AIC:1608.1488559010916
496;ARIMA(2, 0, 0)x(1, 0, 1, 24)24 - AIC:1572.9489567398996
497;ARIMA(2, 0, 0)x(1, 0, 2, 24)24 - AIC:1507.5212944327154
498;ARIMA(2, 0, 0)x(1, 1, 0, 24)24 - AIC:1588.3606898566602
499;ARIMA(2, 0, 0)x(1, 1, 1, 24)24 - AIC:1503.0807205307624
500;ARIMA(2, 0, 0)x(1, 1, 2, 24)24 - AIC:1426.3334764341066
501;ARIMA(2, 0, 0)x(1, 2, 0, 24)24 - AIC:1859.6153480823095
502;ARIMA(2, 0, 0)x(1, 2, 1, 24)24 - AIC:1600.1613802107215
503;ARIMA(2, 0, 0)x(1, 2, 2, 24)24 - AIC:1462.7330964218859
504;ARIMA(2, 0, 0)x(2, 0, 0, 24)24 - AIC:1510.791627481682
505;ARIMA(2, 0, 0)x(2, 0, 1, 24)24 - AIC:1501.459530171381
506;ARIMA(2, 0, 0)x(2, 0, 2, 24)24 - AIC:1499.6664271626528
507;ARIMA(2, 0, 0)x(2, 1, 0, 24)24 - AIC:1460.4923607792616
508;ARIMA(2, 0, 0)x(2, 1, 1, 24)24 - AIC:1423.2240714068157
509;ARIMA(2, 0, 0)x(2, 1, 2, 24)24 - AIC:1423.7090708927637
510;ARIMA(2, 0, 0)x(2, 2, 0, 24)24 - AIC:1663.0854437384135
511;ARIMA(2, 0, 0)x(2, 2, 1, 24)24 - AIC:1472.2359966492477
512;ARIMA(2, 0, 0)x(2, 2, 2, 24)24 - AIC:1459.1598853954097
513;ARIMA(2, 0, 1)x(0, 0, 0, 24)24 - AIC:1683.7652396818971
514;ARIMA(2, 0, 1)x(0, 0, 1, 24)24 - AIC:1607.2453514615447
515;ARIMA(2, 0, 1)x(0, 0, 2, 24)24 - AIC:1515.9544828218468
516;ARIMA(2, 0, 1)x(0, 1, 0, 24)24 - AIC:1793.3762884654188
517;ARIMA(2, 0, 1)x(0, 1, 1, 24)24 - AIC:1491.0470169213504
518;ARIMA(2, 0, 1)x(0, 1, 2, 24)24 - AIC:1411.6838181414876
519;ARIMA(2, 0, 1)x(0, 2, 0, 24)24 - AIC:2211.9797977569983
520;ARIMA(2, 0, 1)x(0, 2, 1, 24)24 - AIC:1691.9958824618393
521;ARIMA(2, 0, 1)x(0, 2, 2, 24)24 - AIC:1439.9947924411538
522;ARIMA(2, 0, 1)x(1, 0, 0, 24)24 - AIC:1601.288356389814
523;ARIMA(2, 0, 1)x(1, 0, 1, 24)24 - AIC:1570.685420674873
524;ARIMA(2, 0, 1)x(1, 0, 2, 24)24 - AIC:1495.5659851784173
525;ARIMA(2, 0, 1)x(1, 1, 0, 24)24 - AIC:1581.3839399269427
526;ARIMA(2, 0, 1)x(1, 1, 1, 24)24 - AIC:1495.234653337412
527;ARIMA(2, 0, 1)x(1, 1, 2, 24)24 - AIC:1413.5834580731312
528;ARIMA(2, 0, 1)x(1, 2, 0, 24)24 - AIC:1853.7677705882634
529;ARIMA(2, 0, 1)x(1, 2, 1, 24)24 - AIC:1593.3422465135675
530;ARIMA(2, 0, 1)x(1, 2, 2, 24)24 - AIC:1454.3292172666743
531;ARIMA(2, 0, 1)x(2, 0, 0, 24)24 - AIC:1505.6639821142371
532;ARIMA(2, 0, 1)x(2, 0, 1, 24)24 - AIC:1498.87864177085
533;ARIMA(2, 0, 1)x(2, 0, 2, 24)24 - AIC:1494.5241880558697
534;ARIMA(2, 0, 1)x(2, 1, 0, 24)24 - AIC:1451.3196616968353
535;ARIMA(2, 0, 1)x(2, 1, 1, 24)24 - AIC:1413.253901435949
536;ARIMA(2, 0, 1)x(2, 1, 2, 24)24 - AIC:1413.5722693219575
537;ARIMA(2, 0, 1)x(2, 2, 0, 24)24 - AIC:1654.2276469824467
538;ARIMA(2, 0, 1)x(2, 2, 1, 24)24 - AIC:1464.2855786957173
539;ARIMA(2, 0, 1)x(2, 2, 2, 24)24 - AIC:1452.0299433026005
540;ARIMA(2, 0, 2)x(0, 0, 0, 24)24 - AIC:1683.2023132339202
541;ARIMA(2, 0, 2)x(0, 0, 1, 24)24 - AIC:1606.5020244186371
542;ARIMA(2, 0, 2)x(0, 0, 2, 24)24 - AIC:1515.0498104613416
543;ARIMA(2, 0, 2)x(0, 1, 0, 24)24 - AIC:1794.8089075079233
544;ARIMA(2, 0, 2)x(0, 1, 1, 24)24 - AIC:1489.165195666837
545;ARIMA(2, 0, 2)x(0, 1, 2, 24)24 - AIC:1411.0888175147102
546;ARIMA(2, 0, 2)x(0, 2, 0, 24)24 - AIC:2209.986660049366
547;ARIMA(2, 0, 2)x(0, 2, 1, 24)24 - AIC:1690.2454196570443
548;ARIMA(2, 0, 2)x(0, 2, 2, 24)24 - AIC:1438.0131362124225
549;ARIMA(2, 0, 2)x(1, 0, 0, 24)24 - AIC:1603.2506971947553
550;ARIMA(2, 0, 2)x(1, 0, 1, 24)24 - AIC:1569.9876826729833
551;ARIMA(2, 0, 2)x(1, 0, 2, 24)24 - AIC:1494.6370074150398
552;ARIMA(2, 0, 2)x(1, 1, 0, 24)24 - AIC:1582.3045567743845
553;ARIMA(2, 0, 2)x(1, 1, 1, 24)24 - AIC:1493.4597323167543
554;ARIMA(2, 0, 2)x(1, 1, 2, 24)24 - AIC:1413.021242113458
555;ARIMA(2, 0, 2)x(1, 2, 0, 24)24 - AIC:1857.7441536109764
556;ARIMA(2, 0, 2)x(1, 2, 1, 24)24 - AIC:1591.0939972041792
557;ARIMA(2, 0, 2)x(1, 2, 2, 24)24 - AIC:1451.874168279934
558;ARIMA(2, 0, 2)x(2, 0, 0, 24)24 - AIC:1507.663856849906
559;ARIMA(2, 0, 2)x(2, 0, 1, 24)24 - AIC:1500.8789246748574
560;ARIMA(2, 0, 2)x(2, 0, 2, 24)24 - AIC:1492.724306335941
561;ARIMA(2, 0, 2)x(2, 1, 0, 24)24 - AIC:1453.301813444015
562;ARIMA(2, 0, 2)x(2, 1, 1, 24)24 - AIC:1415.2464106208304
563;ARIMA(2, 0, 2)x(2, 1, 2, 24)24 - AIC:1413.1285320333996
564;ARIMA(2, 0, 2)x(2, 2, 0, 24)24 - AIC:1656.2226798963004
565;ARIMA(2, 0, 2)x(2, 2, 1, 24)24 - AIC:1466.2810808699805
566;ARIMA(2, 0, 2)x(2, 2, 2, 24)24 - AIC:1450.3619089288434
567;ARIMA(2, 1, 0)x(0, 0, 0, 24)24 - AIC:1684.0242729273903
568;ARIMA(2, 1, 0)x(0, 0, 1, 24)24 - AIC:1609.590239326716
569;ARIMA(2, 1, 0)x(0, 0, 2, 24)24 - AIC:1519.3114208032387
570;ARIMA(2, 1, 0)x(0, 1, 0, 24)24 - AIC:1827.9703500111941
571;ARIMA(2, 1, 0)x(0, 1, 1, 24)24 - AIC:1523.7848584932444
572;ARIMA(2, 1, 0)x(0, 1, 2, 24)24 - AIC:1445.1526390836398
573;ARIMA(2, 1, 0)x(0, 2, 0, 24)24 - AIC:2252.8218252623324
574;ARIMA(2, 1, 0)x(0, 2, 1, 24)24 - AIC:1726.8221997871046
575;ARIMA(2, 1, 0)x(0, 2, 2, 24)24 - AIC:1466.0815048773934
576;ARIMA(2, 1, 0)x(1, 0, 0, 24)24 - AIC:1601.8496375762104
577;ARIMA(2, 1, 0)x(1, 0, 1, 24)24 - AIC:1574.2669286644855
578;ARIMA(2, 1, 0)x(1, 0, 2, 24)24 - AIC:1508.8121105710093
579;ARIMA(2, 1, 0)x(1, 1, 0, 24)24 - AIC:1616.2831722736576
580;ARIMA(2, 1, 0)x(1, 1, 1, 24)24 - AIC:1525.6953504937785
581;ARIMA(2, 1, 0)x(1, 1, 2, 24)24 - AIC:1447.0829921456411
582;ARIMA(2, 1, 0)x(1, 2, 0, 24)24 - AIC:1887.9390065558102
583;ARIMA(2, 1, 0)x(1, 2, 1, 24)24 - AIC:1625.4013729758403
584;ARIMA(2, 1, 0)x(1, 2, 2, 24)24 - AIC:1484.6044732602077
585;ARIMA(2, 1, 0)x(2, 0, 0, 24)24 - AIC:1507.21548809996
586;ARIMA(2, 1, 0)x(2, 0, 1, 24)24 - AIC:1502.668759331038
587;ARIMA(2, 1, 0)x(2, 0, 2, 24)24 - AIC:1501.3141949842434
588;ARIMA(2, 1, 0)x(2, 1, 0, 24)24 - AIC:1483.834791180865
589;ARIMA(2, 1, 0)x(2, 1, 1, 24)24 - AIC:1441.6172623141604
590;ARIMA(2, 1, 0)x(2, 1, 2, 24)24 - AIC:1442.74986977521
591;ARIMA(2, 1, 0)x(2, 2, 0, 24)24 - AIC:1686.0944124543405
592;ARIMA(2, 1, 0)x(2, 2, 1, 24)24 - AIC:1491.5975709442623
593;ARIMA(2, 1, 0)x(2, 2, 2, 24)24 - AIC:1477.5879698393694
594;ARIMA(2, 1, 1)x(0, 0, 0, 24)24 - AIC:1686.040436408819
595;ARIMA(2, 1, 1)x(0, 0, 1, 24)24 - AIC:1608.5864235501517
596;ARIMA(2, 1, 1)x(0, 0, 2, 24)24 - AIC:1517.350888689062
597;ARIMA(2, 1, 1)x(0, 1, 0, 24)24 - AIC:1829.8489097829713
598;ARIMA(2, 1, 1)x(0, 1, 1, 24)24 - AIC:1523.5658243729927
599;ARIMA(2, 1, 1)x(0, 1, 2, 24)24 - AIC:1445.0554676242116
600;ARIMA(2, 1, 1)x(0, 2, 0, 24)24 - AIC:2255.597380197231
601;ARIMA(2, 1, 1)x(0, 2, 1, 24)24 - AIC:1724.9439431334697
602;ARIMA(2, 1, 1)x(0, 2, 2, 24)24 - AIC:1465.1162905323142
603;ARIMA(2, 1, 1)x(1, 0, 0, 24)24 - AIC:1602.9912954870947
604;ARIMA(2, 1, 1)x(1, 0, 1, 24)24 - AIC:1575.0501315278912
605;ARIMA(2, 1, 1)x(1, 0, 2, 24)24 - AIC:1508.0499587978957
606;ARIMA(2, 1, 1)x(1, 1, 0, 24)24 - AIC:1618.3875878902088
607;ARIMA(2, 1, 1)x(1, 1, 1, 24)24 - AIC:1528.0487291019413
608;ARIMA(2, 1, 1)x(1, 1, 2, 24)24 - AIC:1446.7986270477422
609;ARIMA(2, 1, 1)x(1, 2, 0, 24)24 - AIC:1889.104425496264
610;ARIMA(2, 1, 1)x(1, 2, 1, 24)24 - AIC:1626.9868068851563
611;ARIMA(2, 1, 1)x(1, 2, 2, 24)24 - AIC:1468.649359238997
612;ARIMA(2, 1, 1)x(2, 0, 0, 24)24 - AIC:1507.7589365596218
613;ARIMA(2, 1, 1)x(2, 0, 1, 24)24 - AIC:1503.7158683488974
614;ARIMA(2, 1, 1)x(2, 0, 2, 24)24 - AIC:1502.3236654152813
615;ARIMA(2, 1, 1)x(2, 1, 0, 24)24 - AIC:1486.2105586229832
616;ARIMA(2, 1, 1)x(2, 1, 1, 24)24 - AIC:1444.212830926529
617;ARIMA(2, 1, 1)x(2, 1, 2, 24)24 - AIC:1445.4335255409865
618;ARIMA(2, 1, 1)x(2, 2, 0, 24)24 - AIC:1687.9777743822926
619;ARIMA(2, 1, 1)x(2, 2, 1, 24)24 - AIC:1494.1031581235404
620;ARIMA(2, 1, 1)x(2, 2, 2, 24)24 - AIC:1479.2280593242463
621;ARIMA(2, 1, 2)x(0, 0, 0, 24)24 - AIC:1582.5911581027194
622;ARIMA(2, 1, 2)x(0, 0, 1, 24)24 - AIC:1502.449483684743
623;ARIMA(2, 1, 2)x(0, 0, 2, 24)24 - AIC:1425.5000557584408
624;ARIMA(2, 1, 2)x(0, 1, 0, 24)24 - AIC:1821.789630765927
625;ARIMA(2, 1, 2)x(0, 1, 1, 24)24 - AIC:1521.679095737514
626;ARIMA(2, 1, 2)x(0, 1, 2, 24)24 - AIC:1443.860416575682
627;ARIMA(2, 1, 2)x(0, 2, 0, 24)24 - AIC:2216.3443318633826
628;ARIMA(2, 1, 2)x(0, 2, 1, 24)24 - AIC:1717.173607670813
629;ARIMA(2, 1, 2)x(0, 2, 2, 24)24 - AIC:1462.5845479856662
630;ARIMA(2, 1, 2)x(1, 0, 0, 24)24 - AIC:1505.096947094094
631;ARIMA(2, 1, 2)x(1, 0, 1, 24)24 - AIC:1497.9922277192093
632;ARIMA(2, 1, 2)x(1, 0, 2, 24)24 - AIC:1427.3847270262397
633;ARIMA(2, 1, 2)x(1, 1, 0, 24)24 - AIC:1617.981402575314
634;ARIMA(2, 1, 2)x(1, 1, 1, 24)24 - AIC:1526.7532816181435
635;ARIMA(2, 1, 2)x(1, 1, 2, 24)24 - AIC:1445.2642010018008
636;ARIMA(2, 1, 2)x(1, 2, 0, 24)24 - AIC:1890.1104613224416
637;ARIMA(2, 1, 2)x(1, 2, 1, 24)24 - AIC:1624.5225100915438
638;ARIMA(2, 1, 2)x(1, 2, 2, 24)24 - AIC:1481.0914536364598
639;ARIMA(2, 1, 2)x(2, 0, 0, 24)24 - AIC:1428.5995669495287
640;ARIMA(2, 1, 2)x(2, 0, 1, 24)24 - AIC:1430.4785414402077
641;ARIMA(2, 1, 2)x(2, 0, 2, 24)24 - AIC:1428.8803411213717
642;ARIMA(2, 1, 2)x(2, 1, 0, 24)24 - AIC:1487.308902269428
643;ARIMA(2, 1, 2)x(2, 1, 1, 24)24 - AIC:1445.141251359578
644;ARIMA(2, 1, 2)x(2, 1, 2, 24)24 - AIC:1443.7773811598886
645;ARIMA(2, 1, 2)x(2, 2, 0, 24)24 - AIC:1689.0476794117558
646;ARIMA(2, 1, 2)x(2, 2, 1, 24)24 - AIC:1494.711229838949
647;ARIMA(2, 1, 2)x(2, 2, 2, 24)24 - AIC:1477.3393214469802
648;ARIMA(2, 2, 0)x(0, 0, 0, 24)24 - AIC:1750.1377365479727
649;ARIMA(2, 2, 0)x(0, 0, 1, 24)24 - AIC:1673.4874635655367
650;ARIMA(2, 2, 0)x(0, 0, 2, 24)24 - AIC:1579.6306494370951
651;ARIMA(2, 2, 0)x(0, 1, 0, 24)24 - AIC:1939.3953494105667
652;ARIMA(2, 2, 0)x(0, 1, 1, 24)24 - AIC:1614.583576198665
653;ARIMA(2, 2, 0)x(0, 1, 2, 24)24 - AIC:1527.8848918070375
654;ARIMA(2, 2, 0)x(0, 2, 0, 24)24 - AIC:2371.118681660343
655;ARIMA(2, 2, 0)x(0, 2, 1, 24)24 - AIC:1828.4005743256484
656;ARIMA(2, 2, 0)x(0, 2, 2, 24)24 - AIC:1556.6582772605666
657;ARIMA(2, 2, 0)x(1, 0, 0, 24)24 - AIC:1667.614802729255
658;ARIMA(2, 2, 0)x(1, 0, 1, 24)24 - AIC:1652.97816729929
659;ARIMA(2, 2, 0)x(1, 0, 2, 24)24 - AIC:1580.3099641693161
660;ARIMA(2, 2, 0)x(1, 1, 0, 24)24 - AIC:1706.5250403503853
661;ARIMA(2, 2, 0)x(1, 1, 1, 24)24 - AIC:1615.2726591602202
662;ARIMA(2, 2, 0)x(1, 1, 2, 24)24 - AIC:1529.884520529437
663;ARIMA(2, 2, 0)x(1, 2, 0, 24)24 - AIC:1971.7254782405303
664;ARIMA(2, 2, 0)x(1, 2, 1, 24)24 - AIC:1711.9859569647808
665;ARIMA(2, 2, 0)x(1, 2, 2, 24)24 - AIC:1570.6993920190318
666;ARIMA(2, 2, 0)x(2, 0, 0, 24)24 - AIC:1572.6112477238769
667;ARIMA(2, 2, 0)x(2, 0, 1, 24)24 - AIC:1573.9388452715646
668;ARIMA(2, 2, 0)x(2, 0, 2, 24)24 - AIC:1574.5410497284943
669;ARIMA(2, 2, 0)x(2, 1, 0, 24)24 - AIC:1570.9825374526672
670;ARIMA(2, 2, 0)x(2, 1, 1, 24)24 - AIC:1525.0770452522463
671;ARIMA(2, 2, 0)x(2, 1, 2, 24)24 - AIC:1525.827231143834
672;ARIMA(2, 2, 0)x(2, 2, 0, 24)24 - AIC:1767.4607487928029
673;ARIMA(2, 2, 0)x(2, 2, 1, 24)24 - AIC:1576.6297519652535
674;ARIMA(2, 2, 0)x(2, 2, 2, 24)24 - AIC:1562.569678147002
675;ARIMA(2, 2, 1)x(0, 0, 0, 24)24 - AIC:1690.002516676429
676;ARIMA(2, 2, 1)x(0, 0, 1, 24)24 - AIC:1611.8040071520536
677;ARIMA(2, 2, 1)x(0, 0, 2, 24)24 - AIC:1521.3364128448804
678;ARIMA(2, 2, 1)x(0, 1, 0, 24)24 - AIC:1832.3052782413893
679;ARIMA(2, 2, 1)x(0, 1, 1, 24)24 - AIC:1526.553767661999
680;ARIMA(2, 2, 1)x(0, 1, 2, 24)24 - AIC:1447.8713320109705
681;ARIMA(2, 2, 1)x(0, 2, 0, 24)24 - AIC:2256.0647645263807
682;ARIMA(2, 2, 1)x(0, 2, 1, 24)24 - AIC:1729.0301496322663
683;ARIMA(2, 2, 1)x(0, 2, 2, 24)24 - AIC:1469.520265230949
684;ARIMA(2, 2, 1)x(1, 0, 0, 24)24 - AIC:1607.73442522108
685;ARIMA(2, 2, 1)x(1, 0, 1, 24)24 - AIC:1582.1561032976756
686;ARIMA(2, 2, 1)x(1, 0, 2, 24)24 - AIC:1512.780923148859
687;ARIMA(2, 2, 1)x(1, 1, 0, 24)24 - AIC:1620.8871097348772
688;ARIMA(2, 2, 1)x(1, 1, 1, 24)24 - AIC:1532.6749183973875
689;ARIMA(2, 2, 1)x(1, 1, 2, 24)24 - AIC:1449.8704496846678
690;ARIMA(2, 2, 1)x(1, 2, 0, 24)24 - AIC:1891.6609083108056
691;ARIMA(2, 2, 1)x(1, 2, 1, 24)24 - AIC:1633.385952385057
692;ARIMA(2, 2, 1)x(1, 2, 2, 24)24 - AIC:1471.520975395348
693;ARIMA(2, 2, 1)x(2, 0, 0, 24)24 - AIC:1513.148429154532
694;ARIMA(2, 2, 1)x(2, 0, 1, 24)24 - AIC:1509.6009900468546
695;ARIMA(2, 2, 1)x(2, 0, 2, 24)24 - AIC:1508.2750457722852
696;ARIMA(2, 2, 1)x(2, 1, 0, 24)24 - AIC:1488.2444683877084
697;ARIMA(2, 2, 1)x(2, 1, 1, 24)24 - AIC:1447.929315525957
698;ARIMA(2, 2, 1)x(2, 1, 2, 24)24 - AIC:1449.042020027639
699;ARIMA(2, 2, 1)x(2, 2, 0, 24)24 - AIC:1690.4593256566277
700;ARIMA(2, 2, 1)x(2, 2, 1, 24)24 - AIC:1499.6880221581398
701;ARIMA(2, 2, 1)x(2, 2, 2, 24)24 - AIC:1486.3793745370076
702;ARIMA(2, 2, 2)x(0, 0, 0, 24)24 - AIC:1690.4856526944695
703;ARIMA(2, 2, 2)x(0, 0, 1, 24)24 - AIC:1612.1425802863532
704;ARIMA(2, 2, 2)x(0, 0, 2, 24)24 - AIC:1523.4979484680507
705;ARIMA(2, 2, 2)x(0, 1, 0, 24)24 - AIC:1830.6993525906705
706;ARIMA(2, 2, 2)x(0, 1, 1, 24)24 - AIC:1525.3047093785744
707;ARIMA(2, 2, 2)x(0, 1, 2, 24)24 - AIC:1447.194297959108
708;ARIMA(2, 2, 2)x(0, 2, 0, 24)24 - AIC:2253.473584166358
709;ARIMA(2, 2, 2)x(0, 2, 1, 24)24 - AIC:1727.5737631522725
710;ARIMA(2, 2, 2)x(0, 2, 2, 24)24 - AIC:1468.6909909689875
711;ARIMA(2, 2, 2)x(1, 0, 0, 24)24 - AIC:1611.1302336996941
712;ARIMA(2, 2, 2)x(1, 0, 1, 24)24 - AIC:1581.4408111364735
713;ARIMA(2, 2, 2)x(1, 0, 2, 24)24 - AIC:1514.0091707494043
714;ARIMA(2, 2, 2)x(1, 1, 0, 24)24 - AIC:1622.6570356497352
715;ARIMA(2, 2, 2)x(1, 1, 1, 24)24 - AIC:1528.5626597426399
716;ARIMA(2, 2, 2)x(1, 1, 2, 24)24 - AIC:1448.965683256105
717;ARIMA(2, 2, 2)x(1, 2, 0, 24)24 - AIC:1892.8213479794642
718;ARIMA(2, 2, 2)x(1, 2, 1, 24)24 - AIC:1631.5659269910707
719;ARIMA(2, 2, 2)x(1, 2, 2, 24)24 - AIC:1487.4460878415287
720;ARIMA(2, 2, 2)x(2, 0, 0, 24)24 - AIC:1517.0020644396677
721;ARIMA(2, 2, 2)x(2, 0, 1, 24)24 - AIC:1513.1509380715956
722;ARIMA(2, 2, 2)x(2, 0, 2, 24)24 - AIC:1508.8334583690103
723;ARIMA(2, 2, 2)x(2, 1, 0, 24)24 - AIC:1489.531879972359
724;ARIMA(2, 2, 2)x(2, 1, 1, 24)24 - AIC:1449.4133350017964
725;ARIMA(2, 2, 2)x(2, 1, 2, 24)24 - AIC:1447.8577306700506
726;ARIMA(2, 2, 2)x(2, 2, 0, 24)24 - AIC:1692.348909826685
727;ARIMA(2, 2, 2)x(2, 2, 1, 24)24 - AIC:1501.1638591190315
728;ARIMA(2, 2, 2)x(2, 2, 2, 24)24 - AIC:1483.7758716461105
