Time_o;observed
2017-05-10 15:17;-0.019688
2017-05-10 15:27;-0.120643
2017-05-10 15:37;0.007804
2017-05-10 15:47;-0.093009
2017-05-10 15:57;0.068819
2017-05-10 16:07;-0.057594
2017-05-10 16:17;-0.013499
2017-05-10 16:27;-0.209264
2017-05-10 16:37;0.001269
2017-05-10 16:47;-0.024465
2017-05-10 16:57;-0.167391
2017-05-10 17:07;0.119999
2017-05-10 17:17;0.261992
2017-05-10 17:27;0.015588
2017-05-10 17:37;0.051209
2017-05-10 17:47;-0.076516
2017-05-10 17:56;-0.113373
2017-05-10 18:06;-0.262151
2017-05-10 18:16;-0.067217
2017-05-10 18:26;-0.268392
2017-05-10 18:36;-0.131243
2017-05-10 18:46;0.032474
2017-05-10 18:56;-0.066323
2017-05-10 19:06;-0.032175
2017-05-10 19:16;-0.032434
2017-05-10 19:26;0.088448
2017-05-10 19:36;0.107735
2017-05-10 19:46;0.132255
2017-05-10 19:56;0.361438
2017-05-10 20:06;0.55909
2017-05-10 20:16;0.340616
2017-05-10 20:26;0.470062
2017-05-10 20:36;0.665265
2017-05-10 20:45;0.602959
2017-05-10 20:55;0.71107
2017-05-10 21:05;0.699132
2017-05-10 21:15;0.62428
2017-05-10 21:25;0.654291
2017-05-10 21:35;0.646697
2017-05-10 21:45;0.793852
2017-05-10 21:55;0.928392
2017-05-10 22:05;0.845685
2017-05-10 22:15;0.740765
2017-05-10 22:25;0.772962
2017-05-10 22:35;0.931918
2017-05-10 22:45;0.922259
2017-05-10 22:55;0.999571
2017-05-10 23:05;0.960854
2017-05-10 23:15;0.852806
2017-05-10 23:25;0.885126
2017-05-10 23:35;1.012739
2017-05-10 23:45;0.94107
2017-05-10 23:55;0.871416
2017-05-11 00:04;0.885952
2017-05-11 00:14;0.981159
2017-05-11 00:24;0.971708
2017-05-11 00:34;0.920177
2017-05-11 00:44;0.889818
2017-05-11 00:54;0.905551
2017-05-11 01:04;0.86222
2017-05-11 01:14;0.874604
2017-05-11 01:24;0.896915
2017-05-11 01:34;0.88812
2017-05-11 01:44;0.861617
2017-05-11 01:54;0.847901
2017-05-11 02:04;0.842894
2017-05-11 02:14;0.814698
2017-05-11 02:24;0.794231
2017-05-11 02:34;0.77754
2017-05-11 02:44;0.779237
2017-05-11 02:54;0.803506
2017-05-11 03:04;0.796296
2017-05-11 03:14;0.812614
2017-05-11 03:23;0.812893
2017-05-11 03:33;0.830957
2017-05-11 03:43;0.832111
2017-05-11 03:53;0.81948
2017-05-11 04:03;0.805763
2017-05-11 04:14;0.78312
2017-05-11 04:24;0.844538
2017-05-11 04:34;0.839798
2017-05-11 04:44;0.876205
2017-05-11 04:54;0.889122
2017-05-11 05:04;0.902194
2017-05-11 05:14;1.004991
2017-05-11 05:24;1.031918
2017-05-11 05:34;1.027566
2017-05-11 05:44;1.021062
2017-05-11 05:54;0.980223
2017-05-11 06:04;0.987626
2017-05-11 06:13;1.052527
2017-05-11 06:23;1.055065
2017-05-11 06:33;1.043554
2017-05-11 06:43;0.991031
2017-05-11 06:53;0.971377
2017-05-11 07:03;1.067059
2017-05-11 07:13;1.158254
2017-05-11 07:23;1.122024
2017-05-11 07:33;1.211553
2017-05-11 07:43;0.962157
2017-05-11 07:53;0.86048
2017-05-11 08:03;0.889513
2017-05-11 08:13;0.794314
2017-05-11 08:23;0.71739
2017-05-11 08:32;0.635397
2017-05-11 08:42;0.67438
2017-05-11 08:52;0.7762
2017-05-11 09:02;0.742661
2017-05-11 09:12;0.727828
2017-05-11 09:22;0.697963
2017-05-11 09:32;0.672278
2017-05-11 09:42;0.746838
2017-05-11 09:52;0.449399
2017-05-11 10:02;0.42598
2017-05-11 10:12;0.477049
2017-05-11 10:22;0.618157
2017-05-11 10:32;0.241147
2017-05-11 10:42;0.356517
2017-05-11 10:52;0.371298
2017-05-11 11:01;0.494858
2017-05-11 11:11;0.050395
2017-05-11 11:21;0.296388
2017-05-11 11:31;0.08698
2017-05-11 11:41;0.161042
2017-05-11 11:51;0.029472
2017-05-11 12:01;0.214267
2017-05-11 12:11;0.154571
2017-05-11 12:21;0.236688
2017-05-11 12:31;0.450864
2017-05-11 12:41;0.52345
2017-05-11 12:51;0.033619
2017-05-11 13:01;-0.017988
2017-05-11 13:11;0.055475
2017-05-11 13:21;0.165056
2017-05-11 13:31;0.007297
2017-05-11 13:41;0.160193
2017-05-11 13:51;0.124826
2017-05-11 14:01;0.23284
2017-05-11 14:11;0.361004
2017-05-11 14:21;0.2271
2017-05-11 14:31;0.126143
2017-05-11 14:41;0.010283
2017-05-11 14:51;0.009992
2017-05-11 15:01;-0.028563
2017-05-11 15:11;-0.000404
2017-05-11 15:21;-0.079624
2017-05-11 15:30;-0.270954
2017-05-11 15:40;0.002059
2017-05-11 15:50;-0.096496
2017-05-11 16:00;-0.561104
2017-05-11 16:10;-0.344875
2017-05-11 16:20;-0.506283
2017-05-11 16:30;-0.539254
2017-05-11 16:40;-0.375168
2017-05-11 16:50;-0.411782
2017-05-11 17:00;-0.484776
2017-05-11 17:10;-0.452579
2017-05-11 17:20;-0.48455
2017-05-11 17:30;-0.451776
2017-05-11 17:40;-0.667595
2017-05-11 17:50;-0.558375
2017-05-11 18:00;-0.348488
2017-05-11 18:10;-0.530099
2017-05-11 18:20;-0.857341
2017-05-11 18:30;-0.527545
2017-05-11 18:40;-0.909429
2017-05-11 18:49;-0.948942
2017-05-11 18:59;-0.931777
2017-05-11 19:09;-0.752255
2017-05-11 19:19;-0.580387
2017-05-11 19:29;0.134728
2017-05-11 19:39;0.329161
2017-05-11 19:49;0.48803
2017-05-11 19:59;0.552921
2017-05-11 20:09;0.597633
2017-05-11 20:19;0.928174
2017-05-11 20:29;0.867251
2017-05-11 20:39;1.105382
2017-05-11 20:49;0.876427
2017-05-11 20:59;0.990338
2017-05-11 21:09;1.305819
2017-05-11 21:19;1.113957
2017-05-11 21:29;1.31279
2017-05-11 21:39;1.328513
2017-05-11 21:49;1.015018
2017-05-11 21:59;1.215197
2017-05-11 22:09;1.26618
2017-05-11 22:20;1.259166
2017-05-11 22:30;1.202012
2017-05-11 22:40;1.232876
2017-05-11 22:49;1.220105
2017-05-11 22:59;1.233285
2017-05-11 23:09;1.258736
2017-05-11 23:19;1.260039
2017-05-11 23:29;1.208799
2017-05-11 23:39;1.206936
2017-05-11 23:49;1.1594
2017-05-11 23:59;1.162683
2017-05-12 00:09;1.127047
2017-05-12 00:19;1.083549
2017-05-12 00:29;1.145669
2017-05-12 00:39;1.12065
2017-05-12 00:49;1.069979
2017-05-12 00:59;1.106315
2017-05-12 01:09;1.115874
2017-05-12 01:19;1.086595
2017-05-12 01:29;1.096388
2017-05-12 01:39;1.031146
2017-05-12 01:49;0.99468
2017-05-12 01:59;0.965072
2017-05-12 02:08;0.983995
2017-05-12 02:18;1.063964
2017-05-12 02:28;1.119547
2017-05-12 02:38;1.15699
2017-05-12 02:48;1.233139
2017-05-12 02:58;1.192138
2017-05-12 03:08;1.216004
2017-05-12 03:18;1.228823
2017-05-12 03:28;1.216021
2017-05-12 03:38;1.139935
2017-05-12 03:48;1.14411
2017-05-12 03:58;1.254993
2017-05-12 04:08;1.271039
2017-05-12 04:18;1.232385
2017-05-12 04:28;1.21629
2017-05-12 04:38;1.241878
2017-05-12 04:48;1.267388
2017-05-12 04:58;1.283218
2017-05-12 05:08;1.41496
2017-05-12 05:18;1.450016
2017-05-12 05:27;1.306916
2017-05-12 05:37;1.352277
2017-05-12 05:47;1.371938
2017-05-12 05:57;1.414466
2017-05-12 06:07;1.581331
2017-05-12 06:17;1.679099
2017-05-12 06:27;1.826377
2017-05-12 06:37;1.898128
2017-05-12 06:47;1.929557
2017-05-12 06:57;2.019658
2017-05-12 07:07;1.862592
2017-05-12 07:17;1.917813
2017-05-12 07:26;1.850339
2017-05-12 07:36;1.827668
2017-05-12 07:46;1.821476
2017-05-12 07:56;1.827496
2017-05-12 08:06;1.885616
2017-05-12 08:16;1.907369
2017-05-12 08:26;1.915623
2017-05-12 08:36;1.918474
2017-05-12 08:46;2.082456
2017-05-12 08:56;2.052239
2017-05-12 09:06;2.017283
2017-05-12 09:16;2.070403
2017-05-12 09:26;1.991206
2017-05-12 09:36;2.015657
2017-05-12 09:46;2.200029
2017-05-12 09:55;2.548749
2017-05-12 10:05;2.556444
2017-05-12 10:15;2.864919
2017-05-12 10:25;2.757428
2017-05-12 10:35;2.772714
2017-05-12 10:45;2.853707
2017-05-12 10:55;2.748016
2017-05-12 11:05;2.811797
2017-05-12 11:15;2.785845
2017-05-12 11:25;2.65755
2017-05-12 11:35;2.660506
2017-05-12 11:45;2.620297
2017-05-12 11:55;2.602518
2017-05-12 12:05;2.651062
2017-05-12 12:15;2.683408
2017-05-12 12:24;2.576496
2017-05-12 12:34;2.589493
2017-05-12 12:44;2.432182
2017-05-12 12:54;2.534944
2017-05-12 13:04;2.483481
2017-05-12 13:14;2.570781
2017-05-12 13:24;2.596343
2017-05-12 13:34;2.508563
2017-05-12 13:44;2.477938
2017-05-12 13:54;2.662862
2017-05-12 14:04;2.733877
2017-05-12 14:14;2.627301
2017-05-12 14:24;2.441012
2017-05-12 14:34;2.211894
2017-05-12 14:44;2.301537
2017-05-12 14:53;2.220206
2017-05-12 15:03;2.140522
2017-05-12 15:13;2.031091
2017-05-12 15:23;2.110155
2017-05-12 15:33;1.732406
2017-05-12 15:43;1.72409
2017-05-12 15:53;2.136491
2017-05-12 16:03;1.967725
2017-05-12 16:14;1.587741
2017-05-12 16:24;1.952178
2017-05-12 16:34;2.047328
2017-05-12 16:44;1.946433
2017-05-12 16:54;1.896604
2017-05-12 17:04;1.816123
2017-05-12 17:14;1.952951
2017-05-12 17:24;1.986531
2017-05-12 17:34;1.872216
2017-05-12 17:44;1.92353
2017-05-12 17:53;2.092478
2017-05-12 18:03;2.068024
2017-05-12 18:13;2.153765
2017-05-12 18:23;2.078833
2017-05-12 18:33;2.007354
2017-05-12 18:43;2.034031
2017-05-12 18:53;1.904802
2017-05-12 19:03;2.033333
2017-05-12 19:13;1.90614
2017-05-12 19:23;1.941633
2017-05-12 19:33;1.998906
2017-05-12 19:43;1.726794
2017-05-12 19:53;1.788008
2017-05-12 20:03;1.823294
2017-05-12 20:13;1.956525
2017-05-12 20:22;1.961944
2017-05-12 20:32;2.1729
2017-05-12 20:42;2.018825
2017-05-12 20:52;2.021987
2017-05-12 21:02;2.073778
2017-05-12 21:12;2.05214
2017-05-12 21:22;2.113839
2017-05-12 21:32;2.161364
2017-05-12 21:42;2.189542
2017-05-12 21:52;2.175841
2017-05-12 22:02;2.120294
2017-05-12 22:12;2.294814
2017-05-12 22:22;2.566457
2017-05-12 22:32;2.703322
2017-05-12 22:42;2.666865
2017-05-12 22:51;2.686251
2017-05-12 23:01;2.841784
2017-05-12 23:11;2.893706
2017-05-12 23:21;2.777764
2017-05-12 23:31;2.796576
2017-05-12 23:41;2.70133
2017-05-12 23:51;2.676648
2017-05-13 00:01;2.676041
2017-05-13 00:11;2.764252
2017-05-13 00:21;2.642815
2017-05-13 00:31;2.713828
2017-05-13 00:41;2.727009
2017-05-13 00:51;2.721614
2017-05-13 01:01;2.801002
2017-05-13 01:11;2.778206
2017-05-13 01:20;2.712081
2017-05-13 01:30;2.664244
2017-05-13 01:40;2.675587
2017-05-13 01:50;2.632493
2017-05-13 02:00;2.636246
2017-05-13 02:10;2.627194
2017-05-13 02:20;2.61546
2017-05-13 02:30;2.615143
2017-05-13 02:40;2.493448
2017-05-13 02:50;2.526033
2017-05-13 03:01;2.485211
2017-05-13 03:10;2.460846
2017-05-13 03:20;2.395641
2017-05-13 03:30;2.397168
2017-05-13 03:40;2.338886
2017-05-13 03:50;2.313292
2017-05-13 04:00;2.307177
2017-05-13 04:10;2.349516
2017-05-13 04:20;2.339127
2017-05-13 04:30;2.418752
2017-05-13 04:40;2.455122
2017-05-13 04:50;2.421208
2017-05-13 05:00;2.513467
2017-05-13 05:10;2.508942
2017-05-13 05:20;2.451583
2017-05-13 05:30;2.488394
2017-05-13 05:40;2.466682
2017-05-13 05:50;2.63438
2017-05-13 06:00;2.735516
2017-05-13 06:10;2.665279
2017-05-13 06:20;2.666036
2017-05-13 06:29;2.656009
2017-05-13 06:39;2.612598
2017-05-13 06:49;2.612007
2017-05-13 06:59;2.740446
2017-05-13 07:09;2.745264
2017-05-13 07:19;2.752837
2017-05-13 07:29;2.690003
2017-05-13 07:39;2.64152
2017-05-13 07:49;2.689714
2017-05-13 07:59;2.693253
2017-05-13 08:09;2.858328
2017-05-13 08:19;3.045216
2017-05-13 08:29;3.356295
2017-05-13 08:39;3.473123
2017-05-13 08:49;3.601825
2017-05-13 08:59;3.500684
2017-05-13 09:09;3.476161
2017-05-13 09:19;3.380385
2017-05-13 09:29;3.523639
2017-05-13 09:39;3.477574
2017-05-13 09:48;3.217656
2017-05-13 09:58;3.22603
2017-05-13 10:08;3.103073
2017-05-13 10:18;3.147696
2017-05-13 10:28;3.192807
2017-05-13 10:38;3.170231
2017-05-13 10:48;3.06308
2017-05-13 10:58;3.062159
2017-05-13 11:08;3.103111
2017-05-13 11:18;3.064197
2017-05-13 11:28;2.988086
2017-05-13 11:38;2.941147
2017-05-13 11:48;2.967604
2017-05-13 11:58;3.028658
2017-05-13 12:08;2.851146
2017-05-13 12:18;2.770924
2017-05-13 12:28;2.724066
2017-05-13 12:38;2.690183
2017-05-13 12:48;2.645877
2017-05-13 12:58;2.64071
2017-05-13 13:07;2.619433
2017-05-13 13:17;2.596895
2017-05-13 13:27;2.447542
2017-05-13 13:37;2.365144
2017-05-13 13:47;2.353545
2017-05-13 13:57;2.235384
2017-05-13 14:07;2.294661
2017-05-13 14:17;2.3412
2017-05-13 14:27;2.400179
2017-05-13 14:37;2.393513
2017-05-13 14:47;2.385933
2017-05-13 14:57;2.358324
2017-05-13 15:07;2.424142
2017-05-13 15:17;2.406691
2017-05-13 15:27;2.401056
2017-05-13 15:37;2.545744
2017-05-13 15:47;2.482682
2017-05-13 15:57;2.450758
2017-05-13 16:07;2.512678
2017-05-13 16:17;2.52378
2017-05-13 16:26;2.481518
2017-05-13 16:36;2.523133
2017-05-13 16:46;2.470367
2017-05-13 16:56;2.497759
2017-05-13 17:06;2.445088
2017-05-13 17:16;2.474686
2017-05-13 17:26;2.495703
2017-05-13 17:36;2.493991
2017-05-13 17:46;2.517383
2017-05-13 17:56;2.518945
2017-05-13 18:06;2.550649
2017-05-13 18:16;2.469806
2017-05-13 18:26;2.419673
2017-05-13 18:36;2.426277
2017-05-13 18:46;2.407181
2017-05-13 18:56;2.409406
2017-05-13 19:06;2.451668
2017-05-13 19:16;2.359825
2017-05-13 19:26;2.381972
2017-05-13 19:36;2.403573
2017-05-13 19:45;2.362846
2017-05-13 19:55;2.354746
2017-05-13 20:05;2.390892
2017-05-13 20:15;2.385689
2017-05-13 20:25;2.400217
2017-05-13 20:35;2.37301
2017-05-13 20:45;2.198583
2017-05-13 20:55;2.272921
2017-05-13 21:05;2.354685
2017-05-13 21:15;2.241512
2017-05-13 21:25;2.287827
2017-05-13 21:35;2.206563
2017-05-13 21:45;2.28094
2017-05-13 21:55;2.41067
2017-05-13 22:05;2.363346
2017-05-13 22:15;2.204334
2017-05-13 22:25;2.246203
2017-05-13 22:35;2.268111
2017-05-13 22:45;2.254872
2017-05-13 22:55;2.280236
2017-05-13 23:04;2.309335
2017-05-13 23:14;2.294547
2017-05-13 23:24;2.265882
2017-05-13 23:34;2.311861
2017-05-13 23:44;2.312691
2017-05-13 23:54;2.283829
2017-05-14 00:04;2.325792
2017-05-14 00:14;2.327723
2017-05-14 00:24;2.271419
2017-05-14 00:34;2.300791
2017-05-14 00:44;2.324723
2017-05-14 00:54;2.374904
2017-05-14 01:04;2.404303
2017-05-14 01:14;2.486076
2017-05-14 01:24;2.478739
2017-05-14 01:34;2.471047
2017-05-14 01:44;2.480375
2017-05-14 01:54;2.478683
2017-05-14 02:04;2.487558
2017-05-14 02:14;2.426391
2017-05-14 02:23;2.24332
2017-05-14 02:33;2.173852
2017-05-14 02:43;2.166699
2017-05-14 02:53;2.193372
2017-05-14 03:03;2.197255
2017-05-14 03:13;2.15372
2017-05-14 03:23;2.125767
2017-05-14 03:33;1.989298
2017-05-14 03:43;1.982734
2017-05-14 03:53;1.978709
2017-05-14 04:03;1.920434
2017-05-14 04:13;1.917107
2017-05-14 04:23;1.961643
2017-05-14 04:33;1.983322
2017-05-14 04:43;2.081708
2017-05-14 04:53;2.097717
2017-05-14 05:03;2.007979
2017-05-14 05:13;2.068135
2017-05-14 05:23;2.005439
2017-05-14 05:33;2.156341
2017-05-14 05:42;2.193932
2017-05-14 05:52;2.161965
2017-05-14 06:02;2.080403
2017-05-14 06:12;2.190411
2017-05-14 06:22;2.173641
2017-05-14 06:32;2.216989
2017-05-14 06:42;2.247555
2017-05-14 06:52;2.290214
2017-05-14 07:02;2.375711
2017-05-14 07:12;2.423729
2017-05-14 07:22;2.423862
2017-05-14 07:32;2.425
2017-05-14 07:42;2.425577
2017-05-14 07:52;2.476233
2017-05-14 08:02;2.483006
2017-05-14 08:12;2.478165
2017-05-14 08:22;2.449911
2017-05-14 08:32;2.510352
2017-05-14 08:42;2.47947
2017-05-14 08:52;2.301052
2017-05-14 09:01;2.389724
2017-05-14 09:11;2.173927
2017-05-14 09:21;2.27892
2017-05-14 09:31;2.259942
2017-05-14 09:41;2.310961
2017-05-14 09:51;2.386502
2017-05-14 10:01;2.300879
2017-05-14 10:11;2.260539
2017-05-14 10:21;1.900793
2017-05-14 10:31;1.90519
2017-05-14 10:41;1.827497
2017-05-14 10:51;1.822709
2017-05-14 11:01;1.988837
2017-05-14 11:11;1.808749
2017-05-14 11:21;1.827337
2017-05-14 11:31;1.708369
2017-05-14 11:41;1.992422
2017-05-14 11:51;1.477177
2017-05-14 12:01;1.371772
2017-05-14 12:11;1.317428
2017-05-14 12:20;1.295769
2017-05-14 12:30;0.948132
2017-05-14 12:40;1.141629
2017-05-14 12:50;1.295778
2017-05-14 13:00;1.239481
2017-05-14 13:10;1.138477
2017-05-14 13:20;1.039165
2017-05-14 13:30;0.959533
2017-05-14 13:40;0.659263
2017-05-14 13:50;0.591602
2017-05-14 14:00;0.711784
2017-05-14 14:10;0.679619
2017-05-14 14:20;0.536161
2017-05-14 14:30;0.731188
2017-05-14 14:40;0.322202
2017-05-14 14:50;0.612683
2017-05-14 15:00;0.331796
2017-05-14 15:10;0.189636
2017-05-14 15:20;-0.131927
2017-05-14 15:30;0.246628
2017-05-14 15:39;-0.175749
2017-05-14 15:49;-0.178424
2017-05-14 15:59;-0.100554
2017-05-14 16:09;0.14771
2017-05-14 16:19;-0.327342
2017-05-14 16:29;-0.149641
2017-05-14 16:39;-0.228442
2017-05-14 16:49;-0.280667
2017-05-14 16:59;-0.393656
2017-05-14 17:09;-0.277878
2017-05-14 17:19;-0.201234
2017-05-14 17:29;-0.543319
2017-05-14 17:39;-0.349661
2017-05-14 17:49;-0.360065
2017-05-14 17:59;-0.458349
2017-05-14 18:09;-0.159436
2017-05-14 18:19;-0.199649
2017-05-14 18:29;-0.259609
2017-05-14 18:39;-0.184349
2017-05-14 18:49;0.118762
2017-05-14 18:58;0.046254
2017-05-14 19:08;0.102843
2017-05-14 19:18;0.360312
2017-05-14 19:28;0.564013
2017-05-14 19:38;0.705896
2017-05-14 19:48;0.79826
2017-05-14 19:58;0.83772
2017-05-14 20:08;0.696
2017-05-14 20:18;0.750741
2017-05-14 20:28;1.321011
2017-05-14 20:38;1.408827
2017-05-14 20:48;1.537679
2017-05-14 20:58;1.495336
2017-05-14 21:08;1.226565
2017-05-14 21:18;1.261802
2017-05-14 21:28;1.523413
2017-05-14 21:38;1.201671
2017-05-14 21:48;1.41477
2017-05-14 21:58;1.484019
2017-05-14 22:08;1.471512
2017-05-14 22:17;1.391535
2017-05-14 22:27;1.506665
2017-05-14 22:37;1.513115
2017-05-14 22:47;1.550718
2017-05-14 22:57;1.632328
2017-05-14 23:07;1.513848
2017-05-14 23:17;1.464588
2017-05-14 23:27;1.480695
2017-05-14 23:37;1.427308
2017-05-14 23:47;1.461336
2017-05-14 23:57;1.481825
2017-05-15 00:07;1.49143
2017-05-15 00:17;1.450652
2017-05-15 00:27;1.519723
2017-05-15 00:37;1.514085
2017-05-15 00:47;1.517401
2017-05-15 00:57;1.56454
2017-05-15 01:07;1.612217
2017-05-15 01:17;1.547437
2017-05-15 01:27;1.534749
2017-05-15 01:36;1.639081
2017-05-15 01:46;1.525612
2017-05-15 01:56;1.534091
2017-05-15 02:06;1.563008
2017-05-15 02:16;1.503538
2017-05-15 02:26;1.481627
2017-05-15 02:36;1.416979
2017-05-15 02:46;1.52511
2017-05-15 02:56;1.553312
2017-05-15 03:06;1.565345
2017-05-15 03:16;1.428211
2017-05-15 03:26;1.333147
2017-05-15 03:36;1.306109
2017-05-15 03:46;1.331799
2017-05-15 03:56;1.446301
2017-05-15 04:06;1.35932
2017-05-15 04:16;1.370447
2017-05-15 04:26;1.408577
2017-05-15 04:36;1.386255
2017-05-15 04:46;1.371372
2017-05-15 04:55;1.324806
2017-05-15 05:05;1.409095
2017-05-15 05:15;1.384171
2017-05-15 05:25;1.474464
2017-05-15 05:35;1.602869
2017-05-15 05:45;1.518313
2017-05-15 05:55;1.61265
2017-05-15 06:05;1.588603
2017-05-15 06:15;1.600613
2017-05-15 06:25;1.627676
2017-05-15 06:35;1.614717
2017-05-15 06:45;1.68206
2017-05-15 06:55;1.649926
2017-05-15 07:05;1.762423
2017-05-15 07:15;1.743036
2017-05-15 07:25;1.696774
2017-05-15 07:35;1.719245
2017-05-15 07:45;1.612025
2017-05-15 07:55;1.472925
2017-05-15 08:05;1.409848
2017-05-15 08:14;1.239467
2017-05-15 08:24;1.086733
2017-05-15 08:34;1.121966
2017-05-15 08:44;1.393298
2017-05-15 08:54;1.592948
2017-05-15 09:04;1.389403
2017-05-15 09:14;1.165566
2017-05-15 09:24;1.488027
2017-05-15 09:34;1.509109
2017-05-15 09:44;1.243338
2017-05-15 09:54;0.84039
2017-05-15 10:04;0.957185
2017-05-15 10:14;1.30871
2017-05-15 10:24;1.021746
2017-05-15 10:34;1.038877
2017-05-15 10:44;1.146178
2017-05-15 10:54;0.781524
2017-05-15 11:04;1.142088
2017-05-15 11:14;0.864554
2017-05-15 11:24;1.348324
2017-05-15 11:33;1.226087
2017-05-15 11:43;1.231457
2017-05-15 11:53;0.745196
2017-05-15 12:03;0.93981
2017-05-15 12:13;0.593494
2017-05-15 12:23;0.318378
2017-05-15 12:33;0.607615
2017-05-15 12:43;0.614346
2017-05-15 12:53;0.321413
2017-05-15 13:03;0.356588
2017-05-15 13:13;0.783356
2017-05-15 13:23;0.847803
2017-05-15 13:33;1.271025
2017-05-15 13:43;1.139278
2017-05-15 13:53;0.694504
2017-05-15 14:03;0.346061
2017-05-15 14:13;0.647067
2017-05-15 14:23;0.361471
2017-05-15 14:33;1.068799
2017-05-15 14:43;1.531497
2017-05-15 14:52;1.673322
2017-05-15 15:02;1.823759
2017-05-15 15:12;1.659172
2017-05-15 15:22;1.192988
2017-05-15 15:32;1.068773
2017-05-15 15:42;1.436601
2017-05-15 15:52;1.299001
2017-05-15 16:02;1.394309
2017-05-15 16:12;1.782615
2017-05-15 16:22;1.546255
2017-05-15 16:32;1.908474
2017-05-15 16:42;1.974337
2017-05-15 16:52;2.116099
2017-05-15 17:02;1.946692
2017-05-15 17:12;1.667322
2017-05-15 17:22;2.086718
2017-05-15 17:32;2.102813
2017-05-15 17:42;2.216296
2017-05-15 17:52;2.184056
2017-05-15 18:02;2.101021
2017-05-15 18:11;2.027614
2017-05-15 18:21;2.108954
2017-05-15 18:31;2.220179
2017-05-15 18:41;2.003873
2017-05-15 18:51;1.921843
2017-05-15 19:01;2.046323
2017-05-15 19:11;2.067155
2017-05-15 19:21;2.007692
2017-05-15 19:31;2.278096
2017-05-15 19:41;2.5418
2017-05-15 19:51;2.62003
2017-05-15 20:01;2.564855
2017-05-15 20:11;2.831097
2017-05-15 20:21;2.749817
2017-05-15 20:31;2.788871
2017-05-15 20:41;2.757023
2017-05-15 20:51;2.704891
2017-05-15 21:01;2.440816
2017-05-15 21:11;2.56314
2017-05-15 21:21;2.480105
2017-05-15 21:30;2.43785
2017-05-15 21:40;2.408957
2017-05-15 21:50;2.494506
2017-05-15 22:00;2.525718
2017-05-15 22:10;2.542078
2017-05-15 22:20;2.559296
2017-05-15 22:30;2.559446
2017-05-15 22:40;2.541436
2017-05-15 22:50;2.51783
2017-05-15 23:00;2.478111
2017-05-15 23:10;2.412393
2017-05-15 23:20;2.444078
2017-05-15 23:30;2.41384
2017-05-15 23:40;2.371246
2017-05-15 23:50;2.317684
2017-05-16 00:00;2.476817
2017-05-16 00:10;2.370141
2017-05-16 00:20;2.28918
2017-05-16 00:30;2.269192
2017-05-16 00:40;2.253264
2017-05-16 00:49;2.271685
2017-05-16 00:59;2.366221
2017-05-16 01:09;2.46004
2017-05-16 01:19;2.381793
2017-05-16 01:29;2.278133
2017-05-16 01:39;2.247058
2017-05-16 01:49;2.283583
2017-05-16 01:59;2.213136
2017-05-16 02:09;2.039444
2017-05-16 02:19;1.972618
2017-05-16 02:29;1.943373
2017-05-16 02:39;1.885129
2017-05-16 02:49;1.972526
2017-05-16 02:59;1.934124
2017-05-16 03:09;1.860436
2017-05-16 03:19;1.835595
2017-05-16 03:29;1.908428
2017-05-16 03:39;1.891489
2017-05-16 03:49;1.853974
2017-05-16 03:59;1.828706
2017-05-16 04:08;1.818091
2017-05-16 04:18;1.782545
2017-05-16 04:28;1.809572
2017-05-16 04:38;1.866148
2017-05-16 04:48;1.921998
2017-05-16 04:58;1.872309
2017-05-16 05:08;1.900919
2017-05-16 05:18;1.85492
2017-05-16 05:28;1.6441
2017-05-16 05:38;1.880157
2017-05-16 05:48;1.884121
2017-05-16 05:58;1.851076
2017-05-16 06:08;1.991932
2017-05-16 06:18;2.016269
2017-05-16 06:28;1.953361
2017-05-16 06:38;1.977971
2017-05-16 06:48;2.065429
2017-05-16 06:58;2.048736
2017-05-16 07:08;1.978026
2017-05-16 07:18;1.973086
2017-05-16 07:27;2.012
2017-05-16 07:37;2.066956
2017-05-16 07:47;2.054154
2017-05-16 07:57;1.992188
2017-05-16 08:07;2.103596
2017-05-16 08:17;2.13142
2017-05-16 08:27;2.107629
2017-05-16 08:37;2.077042
2017-05-16 08:47;2.249571
2017-05-16 08:57;2.395292
2017-05-16 09:07;2.414723
2017-05-16 09:17;2.401781
2017-05-16 09:27;2.446065
2017-05-16 09:37;2.279759
2017-05-16 09:47;2.376234
2017-05-16 09:57;2.352176
2017-05-16 10:07;2.568516
2017-05-16 10:17;2.544126
2017-05-16 10:27;2.488551
2017-05-16 10:37;2.210008
2017-05-16 10:46;2.365604
2017-05-16 10:56;2.188379
2017-05-16 11:06;2.154621
2017-05-16 11:16;2.137605
2017-05-16 11:26;2.379148
2017-05-16 11:36;2.338839
2017-05-16 11:46;2.778852
2017-05-16 11:56;2.062899
2017-05-16 12:06;1.939621
2017-05-16 12:16;1.921998
2017-05-16 12:26;2.166478
2017-05-16 12:36;2.141895
2017-05-16 12:46;1.734911
2017-05-16 12:56;1.607794
2017-05-16 13:06;1.846849
2017-05-16 13:16;1.735611
2017-05-16 13:26;1.851016
2017-05-16 13:36;2.388395
2017-05-16 13:46;2.656467
2017-05-16 13:56;2.760781
2017-05-16 14:05;2.528218
2017-05-16 14:15;2.45812
2017-05-16 14:25;2.471523
2017-05-16 14:35;2.065235
2017-05-16 14:45;2.093516
2017-05-16 14:55;2.055705
2017-05-16 15:05;2.108726
2017-05-16 15:15;2.03361
2017-05-16 15:25;2.107204
2017-05-16 15:35;2.009012
2017-05-16 15:45;1.883517
2017-05-16 15:55;1.942484
2017-05-16 16:05;1.698242
2017-05-16 16:15;1.706459
2017-05-16 16:25;1.619512
2017-05-16 16:35;1.724933
2017-05-16 16:45;1.789619
2017-05-16 16:55;1.772896
2017-05-16 17:05;2.087493
2017-05-16 17:15;2.175942
2017-05-16 17:24;2.227296
2017-05-16 17:34;2.016081
2017-05-16 17:44;1.850551
2017-05-16 17:54;1.777269
2017-05-16 18:04;1.694979
2017-05-16 18:14;1.665058
2017-05-16 18:24;1.552213
2017-05-16 18:34;1.554847
2017-05-16 18:44;1.552819
2017-05-16 18:54;1.66189
2017-05-16 19:04;1.761294
2017-05-16 19:14;1.987695
2017-05-16 19:24;1.560786
2017-05-16 19:34;1.528466
2017-05-16 19:44;1.779359
2017-05-16 19:54;1.844664
2017-05-16 20:04;1.945141
2017-05-16 20:14;1.994627
2017-05-16 20:24;2.036807
2017-05-16 20:34;1.944009
2017-05-16 20:43;1.962598
2017-05-16 20:53;2.13335
2017-05-16 21:03;1.889272
2017-05-16 21:13;1.887193
2017-05-16 21:23;1.8448
2017-05-16 21:33;1.885639
2017-05-16 21:43;1.747864
2017-05-16 21:53;1.952421
2017-05-16 22:03;1.952526
2017-05-16 22:13;1.759203
2017-05-16 22:23;1.741342
2017-05-16 22:33;1.722796
2017-05-16 22:43;1.794866
2017-05-16 22:53;1.792118
2017-05-16 23:03;1.917561
2017-05-16 23:13;1.777742
2017-05-16 23:23;1.841949
2017-05-16 23:33;1.839381
2017-05-16 23:43;1.764944
2017-05-16 23:53;1.67138
2017-05-17 00:02;1.600719
2017-05-17 00:12;1.688511
2017-05-17 00:22;1.755662
2017-05-17 00:32;1.843995
2017-05-17 00:42;1.866531
2017-05-17 00:52;1.800628
2017-05-17 01:02;1.771442
2017-05-17 01:12;1.825287
2017-05-17 01:22;1.760253
2017-05-17 01:32;1.710575
2017-05-17 01:42;1.696334
2017-05-17 01:52;1.637375
2017-05-17 02:02;1.625342
2017-05-17 02:12;1.645934
2017-05-17 02:22;1.6686
2017-05-17 02:32;1.754024
2017-05-17 02:42;1.780181
2017-05-17 02:52;1.763244
2017-05-17 03:02;1.853802
2017-05-17 03:12;1.990923
2017-05-17 03:21;1.971018
2017-05-17 03:31;2.006016
2017-05-17 03:41;2.006983
2017-05-17 03:51;1.919911
2017-05-17 04:01;1.843045
2017-05-17 04:11;1.896507
2017-05-17 04:21;1.901647
2017-05-17 04:31;1.912408
2017-05-17 04:41;1.918457
2017-05-17 04:51;1.943149
2017-05-17 05:01;2.037516
2017-05-17 05:11;1.946238
2017-05-17 05:21;1.92529
2017-05-17 05:31;1.935391
2017-05-17 05:41;2.002873
2017-05-17 05:51;2.078303
2017-05-17 06:01;2.031508
2017-05-17 06:11;1.975682
2017-05-17 06:21;1.98983
2017-05-17 06:31;2.072735
2017-05-17 06:40;2.162845
2017-05-17 06:50;2.270611
2017-05-17 07:00;2.323688
2017-05-17 07:10;2.426676
2017-05-17 07:20;2.360087
2017-05-17 07:30;2.467411
2017-05-17 07:40;2.494704
2017-05-17 07:50;2.382179
2017-05-17 08:00;2.342798
2017-05-17 08:10;2.203074
2017-05-17 08:20;1.962472
2017-05-17 08:30;2.029569
2017-05-17 08:40;2.082248
2017-05-17 08:50;2.1233
2017-05-17 09:00;1.983631
2017-05-17 09:10;2.025678
2017-05-17 09:20;2.019379
2017-05-17 09:30;1.901606
2017-05-17 09:40;2.08993
2017-05-17 09:50;1.782998
2017-05-17 09:59;2.080188
2017-05-17 10:09;2.026269
2017-05-17 10:19;2.019203
2017-05-17 10:29;1.960388
2017-05-17 10:39;1.921646
2017-05-17 10:49;1.889167
2017-05-17 10:59;1.79514
2017-05-17 11:09;1.427885
2017-05-17 11:19;1.542939
2017-05-17 11:29;1.630152
2017-05-17 11:39;0.87633
2017-05-17 11:49;1.060362
2017-05-17 11:59;1.263648
2017-05-17 12:09;1.146032
2017-05-17 12:19;0.949018
2017-05-17 12:29;0.894092
2017-05-17 12:39;0.888762
2017-05-17 12:49;0.730093
2017-05-17 12:59;0.558251
2017-05-17 13:09;0.574319
2017-05-17 13:18;0.851174
2017-05-17 13:28;0.743472
2017-05-17 13:38;0.958785
2017-05-17 13:48;0.410339
2017-05-17 13:58;0.345983
2017-05-17 14:08;0.502212
2017-05-17 14:18;0.538727
2017-05-17 14:28;0.884544
2017-05-17 14:38;0.6773
2017-05-17 14:48;0.595705
2017-05-17 14:58;0.431521
2017-05-17 15:08;0.47916
2017-05-17 15:18;0.448069
2017-05-17 15:28;0.284465
2017-05-17 15:38;0.184525
2017-05-17 15:48;0.55766
2017-05-17 15:58;0.165825
2017-05-17 16:08;0.467459
2017-05-17 16:18;0.239078
2017-05-17 16:28;0.219676
2017-05-17 16:37;0.010513
2017-05-17 16:47;0.097558
2017-05-17 16:57;0.411246
2017-05-17 17:07;0.374321
2017-05-17 17:17;0.037273
2017-05-17 17:27;0.346614
2017-05-17 17:37;0.16719
2017-05-17 17:47;0.280502
2017-05-17 17:57;0.517508
2017-05-17 18:07;0.382493
2017-05-17 18:17;0.478003
2017-05-17 18:27;1.007007
2017-05-17 18:37;0.824749
2017-05-17 18:47;0.627968
2017-05-17 18:57;0.789124
2017-05-17 19:07;0.999232
2017-05-17 19:17;1.159158
2017-05-17 19:27;1.066968
2017-05-17 19:37;1.023584
2017-05-17 19:47;1.118596
2017-05-17 19:56;1.047205
2017-05-17 20:06;1.172458
2017-05-17 20:16;1.266812
2017-05-17 20:26;1.343908
2017-05-17 20:36;1.274571
2017-05-17 20:46;1.240246
2017-05-17 20:56;1.207529
2017-05-17 21:06;1.119484
2017-05-17 21:16;1.870929
2017-05-17 21:26;1.792616
2017-05-17 21:36;2.068713
2017-05-17 21:46;2.077339
2017-05-17 21:56;1.98038
2017-05-17 22:06;1.876561
2017-05-17 22:16;1.855335
2017-05-17 22:26;1.837273
2017-05-17 22:36;1.848492
2017-05-17 22:46;1.78884
2017-05-17 22:56;1.842155
2017-05-17 23:06;1.891269
2017-05-17 23:15;1.90087
2017-05-17 23:25;1.848303
2017-05-17 23:35;1.852696
2017-05-17 23:45;1.852384
2017-05-17 23:55;1.875342
2017-05-18 00:05;1.865993
2017-05-18 00:15;1.948418
2017-05-18 00:25;2.071244
2017-05-18 00:35;1.909092
2017-05-18 00:45;1.934129
2017-05-18 00:55;1.879877
2017-05-18 01:05;1.86576
2017-05-18 01:15;1.809271
2017-05-18 01:25;1.81695
2017-05-18 01:35;1.749331
2017-05-18 01:45;1.714791
2017-05-18 01:55;1.767259
2017-05-18 02:05;1.874534
2017-05-18 02:15;1.794726
2017-05-18 02:25;1.718409
2017-05-18 02:34;1.765915
2017-05-18 02:44;1.681115
2017-05-18 02:54;1.711801
2017-05-18 03:04;1.711855
2017-05-18 03:14;1.732586
2017-05-18 03:24;1.703941
2017-05-18 03:34;1.728909
2017-05-18 03:44;1.648442
2017-05-18 03:54;1.629756
2017-05-18 04:04;1.62705
2017-05-18 04:14;1.584176
2017-05-18 04:24;1.547142
2017-05-18 04:34;1.636955
2017-05-18 04:44;1.686485
2017-05-18 04:54;1.607348
2017-05-18 05:04;1.601951
2017-05-18 05:14;1.723107
2017-05-18 05:24;1.71412
2017-05-18 05:34;1.615747
2017-05-18 05:44;1.677874
2017-05-18 05:53;1.658281
2017-05-18 06:03;1.761274
2017-05-18 06:13;1.740823
2017-05-18 06:23;1.802157
2017-05-18 06:33;1.789662
2017-05-18 06:43;1.756159
2017-05-18 06:53;1.749754
2017-05-18 07:03;1.723773
2017-05-18 07:13;1.668784
2017-05-18 07:23;1.908621
2017-05-18 07:33;1.812491
2017-05-18 07:43;1.82531
2017-05-18 07:53;1.789281
2017-05-18 08:03;1.762359
2017-05-18 08:13;1.689691
2017-05-18 08:23;1.740098
2017-05-18 08:33;1.804694
2017-05-18 08:43;2.091565
2017-05-18 08:53;1.886046
2017-05-18 09:03;1.739701
2017-05-18 09:12;1.780369
2017-05-18 09:22;1.923903
2017-05-18 09:32;1.646587
2017-05-18 09:42;1.764811
2017-05-18 09:52;1.644519
2017-05-18 10:02;1.764383
2017-05-18 10:12;1.713164
2017-05-18 10:22;1.513884
2017-05-18 10:32;1.335335
2017-05-18 10:42;1.027445
2017-05-18 10:52;1.065365
2017-05-18 11:02;1.258544
2017-05-18 11:12;1.18773
2017-05-18 11:22;1.140095
2017-05-18 11:32;1.209661
2017-05-18 11:42;1.272726
2017-05-18 11:52;0.941439
2017-05-18 12:02;0.947206
2017-05-18 12:12;0.964648
2017-05-18 12:22;0.605635
2017-05-18 12:31;0.545318
2017-05-18 12:41;0.650102
2017-05-18 12:51;0.710198
2017-05-18 13:01;0.57191
2017-05-18 13:11;0.517363
2017-05-18 13:21;0.994617
2017-05-18 13:31;0.771045
2017-05-18 13:41;0.49416
2017-05-18 13:51;1.247088
2017-05-18 14:01;1.095358
2017-05-18 14:11;0.663422
2017-05-18 14:21;1.253757
2017-05-18 14:31;0.741267
2017-05-18 14:41;0.910824
2017-05-18 14:51;1.003414
2017-05-18 15:01;0.872095
2017-05-18 15:11;0.904801
2017-05-18 15:21;0.951414
2017-05-18 15:31;0.795687
2017-05-18 15:41;0.681137
2017-05-18 15:50;0.875333
2017-05-18 16:00;0.91293
2017-05-18 16:10;0.966319
2017-05-18 16:20;0.954175
2017-05-18 16:30;0.817875
2017-05-18 16:40;0.875102
2017-05-18 16:50;0.937184
2017-05-18 17:00;0.861521
2017-05-18 17:10;0.891787
2017-05-18 17:20;0.780099
2017-05-18 17:30;0.738987
2017-05-18 17:40;0.780911
2017-05-18 17:50;0.325321
2017-05-18 18:00;0.30474
2017-05-18 18:10;0.653441
2017-05-18 18:20;0.622642
2017-05-18 18:30;0.709921
2017-05-18 18:40;0.665451
2017-05-18 18:50;0.72835
2017-05-18 19:00;0.479424
2017-05-18 19:09;0.457611
2017-05-18 19:19;0.613892
2017-05-18 19:29;0.715819
2017-05-18 19:39;0.760811
2017-05-18 19:49;0.711599
2017-05-18 19:59;0.684827
2017-05-18 20:09;0.664248
2017-05-18 20:19;0.716448
2017-05-18 20:29;0.651883
2017-05-18 20:39;0.587408
2017-05-18 20:49;0.54126
2017-05-18 20:59;0.53522
2017-05-18 21:09;0.600188
2017-05-18 21:19;0.714475
2017-05-18 21:29;0.623356
2017-05-18 21:39;1.077116
2017-05-18 21:49;1.253095
2017-05-18 21:59;1.412294
2017-05-18 22:09;1.286639
2017-05-18 22:19;1.208886
2017-05-18 22:28;1.45277
2017-05-18 22:38;1.320756
2017-05-18 22:48;1.4411
2017-05-18 22:58;1.527068
2017-05-18 23:08;1.531595
2017-05-18 23:18;1.621346
2017-05-18 23:28;1.626453
2017-05-18 23:38;1.732228
2017-05-18 23:48;1.704352
2017-05-18 23:58;1.88113
2017-05-19 00:08;1.762778
2017-05-19 00:18;1.804692
2017-05-19 00:28;1.626732
2017-05-19 00:38;1.676728
2017-05-19 00:48;1.668721
2017-05-19 00:58;1.612779
2017-05-19 01:08;1.605301
2017-05-19 01:18;1.573445
2017-05-19 01:28;1.522645
2017-05-19 01:38;1.603315
2017-05-19 01:47;1.603491
2017-05-19 01:57;1.641944
2017-05-19 02:07;1.570036
2017-05-19 02:17;1.498653
2017-05-19 02:27;1.539609
2017-05-19 02:37;1.592085
2017-05-19 02:47;1.566222
2017-05-19 02:57;1.608697
2017-05-19 03:07;1.57199
2017-05-19 03:17;1.57135
2017-05-19 03:27;1.538918
2017-05-19 03:37;1.484656
2017-05-19 03:47;1.444474
2017-05-19 03:57;1.467609
2017-05-19 04:07;1.418515
2017-05-19 04:17;1.430319
2017-05-19 04:27;1.405904
2017-05-19 04:37;1.548955
2017-05-19 04:47;1.447622
2017-05-19 04:57;1.495279
2017-05-19 05:06;1.691405
2017-05-19 05:16;1.655147
2017-05-19 05:26;1.616103
2017-05-19 05:36;1.595874
2017-05-19 05:46;1.627195
2017-05-19 05:56;1.814035
2017-05-19 06:06;1.829383
2017-05-19 06:16;1.835669
2017-05-19 06:26;1.876294
2017-05-19 06:36;1.935133
2017-05-19 06:46;1.917805
2017-05-19 06:56;1.92826
2017-05-19 07:06;1.856795
2017-05-19 07:16;1.60525
2017-05-19 07:26;1.453469
2017-05-19 07:36;1.41443
2017-05-19 07:46;1.478872
2017-05-19 07:56;1.505655
2017-05-19 08:02;1.49536
2017-05-19 08:12;1.497523
2017-05-19 13:00;1.048753
2017-05-19 13:10;0.894726
2017-05-19 13:20;0.726608
2017-05-19 13:30;1.005535
2017-05-19 13:40;0.948636
2017-05-19 13:50;0.788843
2017-05-19 14:00;0.829579
2017-05-19 14:10;0.905642
2017-05-19 14:20;1.016551
2017-05-19 14:30;1.236445
2017-05-19 14:40;1.086299
2017-05-19 14:50;1.261048
2017-05-19 15:00;1.039599
2017-05-19 15:10;1.004071
2017-05-19 15:20;1.338624
2017-05-19 15:30;1.357893
2017-05-19 15:40;1.141366
2017-05-19 15:50;1.157697
2017-05-19 16:00;1.183333
2017-05-19 16:10;1.084164
2017-05-19 16:20;1.142656
2017-05-19 16:30;0.972927
2017-05-19 16:40;0.862421
2017-05-19 16:50;1.028157
2017-05-19 17:00;1.155897
2017-05-19 17:10;1.271877
2017-05-19 17:20;0.947075
2017-05-19 17:30;0.931178
2017-05-19 17:40;0.854631
2017-05-19 17:50;0.949201
2017-05-19 18:00;0.768989
2017-05-19 18:10;0.9244
2017-05-19 18:20;0.947367
2017-05-19 18:30;1.007789
2017-05-19 18:39;0.860124
2017-05-19 18:48;0.70825
2017-05-19 18:58;0.78466
2017-05-19 19:08;0.819237
2017-05-19 19:18;0.701157
2017-05-19 19:28;0.580218
2017-05-19 19:38;0.572037
2017-05-19 19:48;0.450948
2017-05-19 19:58;0.536323
2017-05-19 20:08;0.514056
2017-05-19 20:18;0.621714
2017-05-19 20:28;0.7897
2017-05-19 20:38;0.986327
2017-05-19 20:47;0.852913
2017-05-19 20:57;0.808662
2017-05-19 21:07;0.887246
2017-05-19 21:17;1.005431
2017-05-19 21:27;1.192704
2017-05-19 21:37;1.645947
2017-05-19 21:47;1.831011
2017-05-19 21:57;1.669508
2017-05-19 22:07;1.585073
2017-05-19 22:17;1.768356
2017-05-19 22:27;1.655942
2017-05-19 22:37;1.596
2017-05-19 22:46;1.76984
2017-05-19 22:56;1.599383
2017-05-19 23:06;1.700959
2017-05-19 23:16;1.673892
2017-05-19 23:27;1.664408
2017-05-19 23:37;1.752307
2017-05-19 23:46;1.681263
2017-05-19 23:56;1.764215
2017-05-20 00:06;1.798678
2017-05-20 00:16;1.819694
2017-05-20 00:26;1.781839
2017-05-20 00:36;1.796391
2017-05-20 00:46;1.725438
2017-05-20 00:56;1.758503
2017-05-20 01:06;1.7488
2017-05-20 01:16;1.660877
2017-05-20 01:26;1.704519
2017-05-20 01:36;1.737737
2017-05-20 01:46;1.83215
2017-05-20 01:56;1.85198
2017-05-20 02:06;1.779169
2017-05-20 02:16;1.774355
2017-05-20 02:26;1.771818
2017-05-20 02:36;1.736158
2017-05-20 02:46;1.60971
2017-05-20 02:56;1.64887
2017-05-20 03:06;1.699561
2017-05-20 03:16;1.671338
2017-05-20 03:26;1.716342
2017-05-20 03:35;1.643998
2017-05-20 03:45;1.57209
2017-05-20 03:55;1.655299
2017-05-20 04:05;1.696119
2017-05-20 04:15;1.641844
2017-05-20 04:26;1.680998
2017-05-20 04:36;1.622875
2017-05-20 04:46;1.534512
2017-05-20 04:55;1.497934
2017-05-20 05:05;1.486047
2017-05-20 05:15;1.398008
2017-05-20 05:25;1.411683
2017-05-20 05:35;1.446646
2017-05-20 05:45;1.462692
2017-05-20 05:55;1.419498
2017-05-20 06:05;1.465007
2017-05-20 06:15;1.386098
2017-05-20 06:25;1.491381
2017-05-20 06:35;1.503161
2017-05-20 06:45;1.483189
2017-05-20 06:54;1.631151
2017-05-20 07:04;1.636996
2017-05-20 07:14;1.783898
2017-05-20 07:24;1.621631
2017-05-20 07:34;1.654007
2017-05-20 07:44;1.948376
2017-05-20 07:54;1.950622
2017-05-20 08:04;1.795884
2017-05-20 08:14;1.232052
2017-05-20 08:24;1.735081
2017-05-20 08:34;1.49888
2017-05-20 08:44;1.297735
2017-05-20 08:53;1.449733
2017-05-20 09:03;1.380745
2017-05-20 09:13;1.649649
2017-05-20 09:23;1.711108
2017-05-20 09:33;1.713075
2017-05-20 09:43;1.418278
2017-05-20 09:53;1.278077
2017-05-20 10:03;1.711432
2017-05-20 10:13;1.516985
2017-05-20 10:23;1.591191
2017-05-20 10:33;1.504459
2017-05-20 10:43;1.652708
2017-05-20 10:52;1.538429
2017-05-20 11:02;1.137671
2017-05-20 11:12;1.412544
2017-05-20 11:22;1.118648
2017-05-20 11:32;1.311643
2017-05-20 11:42;1.481748
2017-05-20 11:52;1.564907
2017-05-20 12:02;1.948672
2017-05-20 12:12;1.916352
2017-05-20 12:22;1.443436
2017-05-20 12:32;1.685883
2017-05-20 12:42;1.745482
2017-05-20 12:51;1.629147
2017-05-20 13:01;1.583649
2017-05-20 13:11;1.630462
2017-05-20 13:21;1.607977
2017-05-20 13:31;1.916124
2017-05-20 13:41;1.582763
2017-05-20 13:51;1.678734
2017-05-20 14:01;1.481012
2017-05-20 14:11;1.548127
2017-05-20 14:21;1.642263
2017-05-20 14:31;1.619082
2017-05-20 14:41;1.738756
2017-05-20 14:50;1.577047
2017-05-20 15:00;1.737319
2017-05-20 15:10;1.651199
2017-05-20 15:20;1.572185
2017-05-20 15:30;1.537917
2017-05-20 15:40;1.570731
2017-05-20 15:50;1.745248
2017-05-20 16:00;1.358381
2017-05-20 16:10;1.44321
2017-05-20 16:20;1.385039
2017-05-20 16:31;1.393476
2017-05-20 16:41;1.400123
2017-05-20 16:51;1.580776
2017-05-20 17:01;1.30527
2017-05-20 17:11;1.349941
2017-05-20 17:21;1.303355
2017-05-20 17:31;1.331698
2017-05-20 17:41;0.979507
2017-05-20 17:51;1.4323
2017-05-20 18:01;1.347437
2017-05-20 18:11;1.025055
2017-05-20 18:20;1.409218
2017-05-20 18:30;1.05961
2017-05-20 18:40;1.172002
2017-05-20 18:50;1.222468
2017-05-20 19:00;0.980431
2017-05-20 19:10;1.1908
2017-05-20 19:20;1.533108
2017-05-20 19:30;1.55117
2017-05-20 19:40;1.390611
2017-05-20 19:50;1.262372
2017-05-20 20:00;1.118694
2017-05-20 20:10;0.900554
2017-05-20 20:20;1.159336
2017-05-20 20:30;1.365101
2017-05-20 20:40;1.144108
2017-05-20 20:49;1.790069
2017-05-20 20:59;1.382509
2017-05-20 21:09;2.128077
2017-05-20 21:19;2.08695
2017-05-20 21:29;2.217783
2017-05-20 21:39;2.101404
2017-05-20 21:49;2.34276
2017-05-20 21:59;2.082366
2017-05-20 22:09;2.295979
2017-05-20 22:19;2.530362
2017-05-20 22:29;2.088719
2017-05-20 22:39;2.250683
2017-05-20 22:49;2.22055
2017-05-20 22:59;2.433218
2017-05-20 23:09;2.231768
2017-05-20 23:18;2.218212
2017-05-20 23:28;2.243362
2017-05-20 23:38;2.280195
2017-05-20 23:48;2.133314
2017-05-20 23:58;2.078317
2017-05-21 00:08;2.222087
2017-05-21 00:18;2.356829
2017-05-21 00:28;1.90358
2017-05-21 00:38;1.929595
2017-05-21 00:48;1.967618
2017-05-21 00:58;2.114784
2017-05-21 01:08;2.133293
2017-05-21 01:18;2.060163
2017-05-21 01:29;2.06931
2017-05-21 01:39;2.265539
2017-05-21 01:49;1.83174
2017-05-21 01:59;2.009734
2017-05-21 02:09;2.158397
2017-05-21 02:19;2.203286
2017-05-21 02:29;2.229858
2017-05-21 02:39;2.006702
2017-05-21 02:49;2.013219
2017-05-21 02:59;2.066256
2017-05-21 03:09;2.052803
2017-05-21 03:18;2.161982
2017-05-21 03:28;2.02521
2017-05-21 03:38;2.261874
2017-05-21 03:48;2.22342
2017-05-21 03:58;2.148285
2017-05-21 04:08;1.917022
2017-05-21 04:18;2.173806
2017-05-21 04:28;2.09451
2017-05-21 04:38;1.999452
2017-05-21 04:48;2.142803
2017-05-21 04:58;1.947397
2017-05-21 05:08;2.39811
2017-05-21 05:18;2.148803
2017-05-21 05:28;1.966903
2017-05-21 05:38;1.850371
2017-05-21 05:48;1.619584
2017-05-21 05:58;1.646841
2017-05-21 06:08;1.671101
2017-05-21 06:18;1.575452
2017-05-21 06:28;1.672608
2017-05-21 06:37;1.531298
2017-05-21 06:47;1.537762
2017-05-21 06:57;1.624236
2017-05-21 07:07;1.480367
2017-05-21 07:17;1.518281
2017-05-21 07:27;1.447072
2017-05-21 07:37;1.565006
2017-05-21 07:47;1.202328
2017-05-21 07:57;1.223474
2017-05-21 08:07;1.099573
2017-05-21 08:17;1.061533
2017-05-21 08:27;1.113999
2017-05-21 08:37;0.917367
2017-05-21 08:47;0.880433
2017-05-21 08:57;0.693352
2017-05-21 09:07;1.095568
2017-05-21 09:17;1.339981
2017-05-21 09:27;1.063574
2017-05-21 09:37;1.430919
2017-05-21 09:47;1.014423
2017-05-21 09:56;1.263024
2017-05-21 10:06;1.334082
2017-05-21 10:16;1.044516
2017-05-21 10:26;1.473846
2017-05-21 10:36;1.149254
2017-05-21 10:46;1.37819
2017-05-21 10:56;0.805106
2017-05-21 11:06;1.315823
2017-05-21 11:16;1.271093
2017-05-21 11:26;1.046456
2017-05-21 11:36;1.147113
2017-05-21 11:46;1.159425
2017-05-21 11:56;1.007158
2017-05-21 12:06;1.450048
2017-05-21 12:16;1.674912
2017-05-21 12:26;1.351461
2017-05-21 12:36;0.695078
2017-05-21 12:46;0.85234
2017-05-21 12:56;0.888118
2017-05-21 13:06;0.958592
2017-05-21 13:15;0.498039
2017-05-21 13:25;1.067704
2017-05-21 13:35;1.178298
2017-05-21 13:45;0.754825
2017-05-21 13:55;0.999388
2017-05-21 14:05;0.715186
2017-05-21 14:15;0.364749
2017-05-21 14:25;0.571697
2017-05-21 14:35;0.752418
2017-05-21 14:45;0.763575
2017-05-21 14:55;0.401801
2017-05-21 15:05;0.471352
2017-05-21 15:15;0.60173
2017-05-21 15:25;0.239499
2017-05-21 15:35;-0.100096
2017-05-21 15:45;-0.16985
2017-05-21 15:55;0.226601
2017-05-21 16:05;0.111957
2017-05-21 16:15;0.138217
2017-05-21 16:25;0.694869
2017-05-21 16:34;0.088728
2017-05-21 16:44;0.370912
2017-05-21 16:55;0.306025
2017-05-21 17:05;0.549419
2017-05-21 17:15;0.106471
2017-05-21 17:25;0.34052
2017-05-21 17:35;0.133508
2017-05-21 17:45;0.389169
2017-05-21 17:55;0.403703
2017-05-21 18:04;0.183962
2017-05-21 18:14;0.353282
2017-05-21 18:24;0.291294
2017-05-21 18:34;-0.016928
2017-05-21 18:44;0.372974
2017-05-21 18:54;0.070008
2017-05-21 19:04;0.425291
2017-05-21 19:14;0.4594
2017-05-21 19:24;0.379201
2017-05-21 19:34;0.607871
2017-05-21 19:44;0.413446
2017-05-21 19:54;0.268057
2017-05-21 20:04;-0.073182
2017-05-21 20:14;-0.029508
2017-05-21 20:24;0.063568
2017-05-21 20:34;0.056088
2017-05-21 20:44;0.169615
2017-05-21 20:54;0.129423
2017-05-21 21:03;0.298109
2017-05-21 21:13;0.130827
2017-05-21 21:22;0.267486
2017-05-21 21:32;0.148924
2017-05-21 21:42;0.332234
2017-05-21 21:52;0.325564
2017-05-21 22:02;0.357658
2017-05-21 22:12;0.468075
2017-05-21 22:22;0.3226
2017-05-21 22:32;0.433991
2017-05-21 22:42;0.421485
2017-05-21 22:52;0.15365
2017-05-21 23:02;0.099239
2017-05-21 23:12;0.320052
2017-05-21 23:22;0.464195
2017-05-21 23:32;0.485667
2017-05-21 23:42;0.209023
2017-05-21 23:52;0.179802
2017-05-22 00:02;0.493936
2017-05-22 00:12;0.361201
2017-05-22 00:22;0.454177
2017-05-22 00:32;0.582727
2017-05-22 00:42;0.462409
2017-05-22 00:52;0.653527
2017-05-22 01:02;0.653836
2017-05-22 01:12;0.808579
2017-05-22 01:21;0.914659
2017-05-22 01:31;0.820964
2017-05-22 01:41;0.892336
2017-05-22 01:51;0.808252
2017-05-22 02:01;0.809268
2017-05-22 02:11;0.82303
2017-05-22 02:21;0.928057
2017-05-22 02:32;0.900295
2017-05-22 02:42;0.955647
2017-05-22 02:52;1.016648
2017-05-22 03:02;1.027469
2017-05-22 03:12;1.080234
2017-05-22 03:22;0.96783
2017-05-22 03:32;1.277727
2017-05-22 03:42;1.390713
2017-05-22 03:51;1.339399
2017-05-22 04:01;1.433625
2017-05-22 04:11;1.311135
2017-05-22 04:21;1.284892
2017-05-22 04:31;1.435175
2017-05-22 04:41;1.317008
2017-05-22 04:51;1.204928
2017-05-22 05:01;1.080533
2017-05-22 05:11;1.200428
2017-05-22 05:21;1.033674
2017-05-22 05:31;1.003134
2017-05-22 05:41;1.170447
2017-05-22 05:51;1.315378
2017-05-22 06:01;1.15773
2017-05-22 06:11;0.968547
2017-05-22 06:21;0.860463
2017-05-22 06:31;0.822718
2017-05-22 06:41;0.913491
2017-05-22 06:51;0.868551
2017-05-22 07:01;1.129667
2017-05-22 07:10;1.088528
2017-05-22 07:20;0.90575
2017-05-22 07:30;1.037879
2017-05-22 07:40;0.998312
2017-05-22 07:50;0.900706
2017-05-22 08:00;0.865062
2017-05-22 08:10;0.779754
2017-05-22 08:20;0.650838
2017-05-22 08:30;0.80252
2017-05-22 08:40;0.998417
2017-05-22 08:50;0.825754
2017-05-22 09:00;0.690265
2017-05-22 09:10;0.289298
2017-05-22 09:20;0.348363
2017-05-22 09:30;0.634072
2017-05-22 09:40;0.36855
2017-05-22 09:50;0.531105
2017-05-22 10:00;0.247227
2017-05-22 10:10;0.481599
2017-05-22 10:20;0.409942
2017-05-22 10:29;0.515687
2017-05-22 10:39;0.384131
2017-05-22 10:49;0.383723
2017-05-22 10:59;0.126514
2017-05-22 11:10;0.020719
2017-05-22 11:20;-0.060777
2017-05-22 11:30;0.46298
2017-05-22 11:40;0.674247
2017-05-22 11:49;0.304152
2017-05-22 11:59;0.276256
2017-05-22 12:09;0.428551
2017-05-22 12:19;0.411971
2017-05-22 12:29;0.054489
2017-05-22 12:39;-0.24782
2017-05-22 12:49;0.489364
2017-05-22 13:00;0.240331
2017-05-22 13:10;0.081985
2017-05-22 13:20;-0.266511
2017-05-22 13:29;-0.272628
2017-05-22 13:39;-0.581373
2017-05-22 13:49;-0.214559
2017-05-22 13:59;-0.173467
2017-05-22 14:09;-0.162817
2017-05-22 14:19;-0.242364
2017-05-22 14:29;-0.376174
2017-05-22 14:39;-0.032797
2017-05-22 14:49;-0.340094
2017-05-22 14:59;-0.270329
2017-05-22 15:09;-0.442135
2017-05-22 15:19;-0.240496
2017-05-22 15:28;-0.202022
2017-05-22 15:38;-0.302094
2017-05-22 15:48;-0.002061
2017-05-22 15:58;-0.168929
2017-05-22 16:08;0.151119
2017-05-22 16:18;0.014719
2017-05-22 16:28;0.000341
2017-05-22 16:38;0.119793
2017-05-22 16:48;0.057777
2017-05-22 16:58;0.326679
2017-05-22 17:08;0.273411
2017-05-22 17:18;0.306506
2017-05-22 17:27;0.570757
2017-05-22 17:37;0.527177
2017-05-22 17:47;0.461964
2017-05-22 17:58;0.667194
2017-05-22 18:08;0.408303
2017-05-22 18:18;-0.020301
2017-05-22 18:28;0.073007
2017-05-22 18:37;0.022105
2017-05-22 18:47;0.213005
2017-05-22 18:57;-0.083275
2017-05-22 19:07;0.11455
2017-05-22 19:17;0.475546
2017-05-22 19:27;0.623125
2017-05-22 19:37;0.736867
2017-05-22 19:47;0.850086
2017-05-22 19:57;1.19014
2017-05-22 20:07;1.074001
2017-05-22 20:17;1.515772
2017-05-22 20:27;1.16502
2017-05-22 20:37;1.123055
2017-05-22 20:47;1.582138
2017-05-22 20:57;1.516644
2017-05-22 21:06;1.590847
2017-05-22 21:16;1.53895
2017-05-22 21:26;1.54577
2017-05-22 21:36;1.488425
2017-05-22 21:46;1.635339
2017-05-22 21:56;1.618057
2017-05-22 22:06;1.650732
2017-05-22 22:16;1.797815
2017-05-22 22:26;1.848958
2017-05-22 22:36;1.822211
2017-05-22 22:46;1.832349
2017-05-22 22:56;1.727768
2017-05-22 23:06;1.807397
2017-05-22 23:16;1.840601
2017-05-22 23:26;1.658759
2017-05-22 23:35;1.800322
2017-05-22 23:45;1.678602
2017-05-22 23:55;1.564121
2017-05-23 00:05;1.587608
2017-05-23 00:15;1.639437
2017-05-23 00:25;1.520125
2017-05-23 00:35;1.406553
2017-05-23 00:45;1.335332
2017-05-23 00:55;1.325601
2017-05-23 01:05;1.363385
2017-05-23 01:15;1.382543
2017-05-23 01:25;1.373894
2017-05-23 01:35;1.429187
2017-05-23 01:45;1.492645
2017-05-23 01:55;1.501615
2017-05-23 02:04;1.403901
2017-05-23 02:14;1.421009
2017-05-23 02:24;1.384809
2017-05-23 02:34;1.309709
2017-05-23 02:44;1.27259
2017-05-23 02:54;1.335402
2017-05-23 03:04;1.299233
2017-05-23 03:14;1.313014
2017-05-23 03:24;1.333056
2017-05-23 03:34;1.166212
2017-05-23 03:44;1.158884
2017-05-23 03:54;1.289864
2017-05-23 04:04;1.266602
2017-05-23 04:14;1.239315
2017-05-23 04:24;1.108849
2017-05-23 04:34;1.167783
2017-05-23 04:44;1.050495
2017-05-23 04:54;1.037581
2017-05-23 05:04;1.036742
2017-05-23 05:14;0.96329
2017-05-23 05:24;0.988803
2017-05-23 05:34;1.032557
2017-05-23 05:44;1.005166
2017-05-23 05:54;1.097365
2017-05-23 06:04;1.183947
2017-05-23 06:14;1.287281
2017-05-23 06:24;1.26593
2017-05-23 06:34;1.397634
2017-05-23 06:44;1.448797
2017-05-23 06:54;1.439333
2017-05-23 07:04;1.727975
2017-05-23 07:13;1.688025
2017-05-23 07:23;1.712059
2017-05-23 07:33;1.641784
2017-05-23 07:43;1.476234
2017-05-23 07:53;1.42017
2017-05-23 08:03;1.261456
2017-05-23 08:13;1.215754
2017-05-23 08:23;1.179671
2017-05-23 08:33;1.117866
2017-05-23 08:43;1.442867
2017-05-23 08:53;1.099318
2017-05-23 09:03;0.920442
2017-05-23 09:13;1.332618
2017-05-23 09:23;0.859513
2017-05-23 09:33;0.823718
2017-05-23 09:43;0.880375
2017-05-23 09:53;1.016512
2017-05-23 10:03;0.634923
2017-05-23 10:13;0.743332
2017-05-23 10:23;0.542341
2017-05-23 10:32;0.810037
2017-05-23 10:42;0.486745
2017-05-23 10:52;0.588071
2017-05-23 11:02;0.737748
2017-05-23 11:12;0.661142
2017-05-23 11:22;0.518566
2017-05-23 11:32;0.565355
2017-05-23 11:42;0.620714
2017-05-23 11:52;0.83971
2017-05-23 12:02;0.517283
2017-05-23 12:12;0.613959
2017-05-23 12:22;0.298747
2017-05-23 12:32;0.620599
2017-05-23 12:42;0.520194
2017-05-23 12:52;0.401024
2017-05-23 13:02;0.506106
2017-05-23 13:12;0.00056
2017-05-23 13:22;-0.086536
2017-05-23 13:32;0.178967
2017-05-23 13:42;0.178842
2017-05-23 13:51;-0.579581
2017-05-23 14:01;0.145997
2017-05-23 14:11;0.277188
2017-05-23 14:21;0.155132
2017-05-23 14:31;0.50918
2017-05-23 14:41;0.545662
2017-05-23 14:51;-0.04881
2017-05-23 15:01;0.128865
2017-05-23 15:11;1.049745
2017-05-23 15:21;0.890732
2017-05-23 15:31;0.628764
2017-05-23 15:41;1.13983
2017-05-23 15:51;-0.21763
2017-05-23 16:01;0.096962
2017-05-23 16:12;0.71102
2017-05-23 16:22;0.974689
2017-05-23 16:32;0.931682
2017-05-23 16:42;1.241544
2017-05-23 16:52;1.247408
2017-05-23 17:02;1.167515
2017-05-23 17:12;1.331796
2017-05-23 17:22;1.276448
2017-05-23 17:32;1.540615
2017-05-23 17:42;1.161623
2017-05-23 17:52;1.364627
2017-05-23 18:02;1.007395
2017-05-23 18:11;1.298793
2017-05-23 18:21;1.911305
2017-05-23 18:31;1.842995
2017-05-23 18:41;1.191686
2017-05-23 18:51;1.649699
2017-05-23 19:01;1.850438
2017-05-23 19:11;1.967679
2017-05-23 19:21;1.868936
2017-05-23 19:31;2.132511
2017-05-23 19:41;1.662095
2017-05-23 19:51;2.17619
2017-05-23 20:01;1.759405
2017-05-23 20:11;1.924518
2017-05-23 20:21;1.809535
2017-05-23 20:31;1.745948
2017-05-23 20:40;1.838777
2017-05-23 20:50;1.935933
2017-05-23 21:00;1.897043
2017-05-23 21:10;1.949095
2017-05-23 21:20;1.977121
2017-05-23 21:30;1.980251
2017-05-23 21:40;1.989447
2017-05-23 21:50;1.974679
2017-05-23 22:00;2.011447
2017-05-23 22:10;1.913251
2017-05-23 22:20;1.882826
2017-05-23 22:30;1.826703
2017-05-23 22:40;1.765455
2017-05-23 22:50;1.846821
2017-05-23 23:00;1.747886
2017-05-23 23:10;1.662842
2017-05-23 23:20;1.602612
2017-05-23 23:30;1.775633
2017-05-23 23:40;1.824903
2017-05-23 23:50;1.945746
2017-05-24 00:00;1.793614
2017-05-24 00:04;1.563589
2017-05-24 00:15;1.546179
2017-05-24 00:25;1.577684
2017-05-24 00:35;1.63769
2017-05-24 00:44;1.775554
2017-05-24 00:54;1.618335
2017-05-24 01:04;1.627403
2017-05-24 01:14;1.642184
2017-05-24 01:24;1.379257
2017-05-24 01:34;1.647304
2017-05-24 01:44;1.690705
2017-05-24 01:54;1.673241
2017-05-24 02:04;1.65265
2017-05-24 02:14;1.488513
2017-05-24 02:24;1.511516
2017-05-24 02:34;1.433161
2017-05-24 02:44;1.49954
2017-05-24 02:54;1.381866
2017-05-24 03:04;1.070438
2017-05-24 03:13;1.318451
2017-05-24 03:23;1.075313
2017-05-24 03:33;1.105538
2017-05-24 03:43;1.182233
2017-05-24 03:53;1.150067
2017-05-24 04:03;1.1207
2017-05-24 04:13;1.147558
2017-05-24 04:23;1.257282
2017-05-24 04:33;1.277711
2017-05-24 04:43;1.323736
2017-05-24 04:53;1.373573
2017-05-24 05:03;1.492718
2017-05-24 05:13;1.398611
2017-05-24 05:23;1.463916
2017-05-24 05:33;1.473081
2017-05-24 05:42;1.540584
2017-05-24 05:52;1.544777
2017-05-24 06:02;1.420945
2017-05-24 06:12;1.542255
2017-05-24 06:22;1.721598
2017-05-24 06:32;1.567991
2017-05-24 06:42;1.658107
2017-05-24 06:52;0.882758
2017-05-24 07:02;1.508886
2017-05-24 07:12;1.379956
2017-05-24 07:22;1.119965
2017-05-24 07:32;0.951801
2017-05-24 07:42;1.14478
2017-05-24 07:52;1.015551
2017-05-24 08:02;1.573819
2017-05-24 08:12;1.756597
2017-05-24 08:22;2.021688
2017-05-24 08:32;2.08965
2017-05-24 08:42;1.882698
2017-05-24 08:52;1.541277
2017-05-24 09:01;1.669615
2017-05-24 09:11;1.682048
2017-05-24 09:21;1.311254
2017-05-24 09:31;1.523593
2017-05-24 09:41;1.655486
2017-05-24 09:51;1.496657
2017-05-24 10:01;1.487419
2017-05-24 10:11;1.552
2017-05-24 10:21;1.514539
2017-05-24 10:31;1.729246
2017-05-24 10:41;1.572072
2017-05-24 10:51;1.514396
2017-05-24 11:01;1.631274
2017-05-24 11:11;1.849112
2017-05-24 11:21;1.765401
2017-05-24 11:30;1.649309
2017-05-24 11:40;1.307425
2017-05-24 11:50;1.366004
2017-05-24 12:00;1.289767
2017-05-24 12:10;1.147045
2017-05-24 12:20;0.813936
2017-05-24 12:30;1.170156
2017-05-24 12:40;1.187593
2017-05-24 12:50;1.015206
2017-05-24 13:00;1.367013
2017-05-24 13:10;1.427756
2017-05-24 13:20;1.380961
2017-05-24 13:30;1.755571
2017-05-24 13:40;1.602968
2017-05-24 13:50;1.566973
2017-05-24 13:59;1.550179
2017-05-24 14:09;1.468926
2017-05-24 14:19;1.083124
2017-05-24 14:29;1.229547
2017-05-24 14:39;1.596434
2017-05-24 14:49;1.099042
2017-05-24 14:59;1.314849
2017-05-24 15:09;1.001666
2017-05-24 15:19;0.436118
2017-05-24 15:29;0.725563
2017-05-24 15:39;0.777165
2017-05-24 15:49;0.473901
2017-05-24 15:59;0.49262
2017-05-24 16:09;0.673092
2017-05-24 16:19;0.596379
2017-05-24 16:28;0.505544
2017-05-24 16:38;0.544697
2017-05-24 16:48;0.832045
2017-05-24 16:58;0.426602
2017-05-24 17:08;0.648743
2017-05-24 17:18;0.472207
2017-05-24 17:28;0.298249
2017-05-24 17:38;0.696488
2017-05-24 17:48;0.620246
2017-05-24 17:58;0.304224
2017-05-24 18:08;0.419504
2017-05-24 18:18;0.325854
2017-05-24 18:28;-0.048434
2017-05-24 18:38;-0.065166
2017-05-24 18:48;0.269579
2017-05-24 18:58;0.054889
2017-05-24 19:08;0.19076
2017-05-24 19:18;0.115786
2017-05-24 19:28;0.044426
2017-05-24 19:38;0.073883
2017-05-24 19:48;0.241087
2017-05-24 19:57;0.210274
2017-05-24 20:07;0.12427
2017-05-24 20:17;0.15072
2017-05-24 20:27;0.213126
2017-05-24 20:37;0.40049
2017-05-24 20:47;0.293862
2017-05-24 20:57;0.141873
2017-05-24 21:07;0.198706
2017-05-24 21:17;0.225521
2017-05-24 21:27;0.435495
2017-05-24 21:37;0.441613
2017-05-24 21:47;0.218844
2017-05-24 21:57;-0.074045
2017-05-24 22:07;-0.079201
2017-05-24 22:17;-0.254024
2017-05-24 22:27;0.141882
2017-05-24 22:37;-0.209454
2017-05-24 22:47;-0.248405
2017-05-24 22:57;-0.024752
2017-05-24 23:06;0.125962
2017-05-24 23:16;0.202439
2017-05-24 23:26;-0.178023
2017-05-24 23:37;0.168322
2017-05-24 23:47;0.025999
2017-05-24 23:57;-0.058575
2017-05-25 00:07;0.459864
2017-05-25 00:17;0.496845
2017-05-25 00:27;0.634482
2017-05-25 00:37;0.342313
2017-05-25 00:47;0.5061
2017-05-25 00:57;1.045392
2017-05-25 01:07;0.954679
2017-05-25 01:17;1.110965
2017-05-25 01:27;1.046364
2017-05-25 01:37;1.091331
2017-05-25 01:47;1.24596
2017-05-25 01:56;1.423022
2017-05-25 02:06;1.633835
2017-05-25 02:16;1.725025
2017-05-25 02:26;1.916822
2017-05-25 02:36;1.902893
2017-05-25 02:46;1.862618
2017-05-25 02:56;1.968443
2017-05-25 03:06;1.915327
2017-05-25 03:16;1.631726
2017-05-25 03:26;1.882881
2017-05-25 03:35;1.805084
2017-05-25 03:45;1.874683
2017-05-25 03:55;1.878711
2017-05-25 04:05;1.597159
2017-05-25 04:15;2.254971
2017-05-25 04:25;1.981906
2017-05-25 04:35;1.820353
2017-05-25 04:45;1.942872
2017-05-25 04:55;2.093876
2017-05-25 05:05;1.674874
2017-05-25 05:15;1.694905
2017-05-25 05:25;1.470277
2017-05-25 05:35;1.743994
2017-05-25 05:45;1.519548
2017-05-25 05:55;1.578279
2017-05-25 06:05;1.611442
2017-05-25 06:15;1.979519
2017-05-25 06:25;1.944145
2017-05-25 06:35;1.829702
2017-05-25 06:45;1.387954
2017-05-25 06:54;1.932305
2017-05-25 07:04;1.580784
2017-05-25 07:14;1.664268
2017-05-25 07:24;1.89543
2017-05-25 07:34;1.462475
2017-05-25 07:44;1.720797
2017-05-25 07:54;1.616748
2017-05-25 08:04;1.834684
2017-05-25 08:14;1.815175
2017-05-25 08:24;1.756291
2017-05-25 08:34;1.916341
2017-05-25 08:44;1.677557
2017-05-25 08:53;1.577143
2017-05-25 09:03;1.543393
2017-05-25 09:13;1.786276
2017-05-25 09:23;1.742291
2017-05-25 09:33;1.663591
2017-05-25 09:43;1.772635
2017-05-25 09:53;1.431609
2017-05-25 10:03;1.605851
2017-05-25 10:13;1.497884
2017-05-25 10:23;1.981109
2017-05-25 10:33;1.660448
2017-05-25 10:43;1.519166
2017-05-25 10:53;1.489532
2017-05-25 11:03;1.613087
2017-05-25 11:13;1.549832
2017-05-25 11:23;1.49893
2017-05-25 11:33;1.568726
2017-05-25 11:43;1.700007
2017-05-25 11:53;1.558953
2017-05-25 12:03;1.647772
2017-05-25 12:13;1.58587
2017-05-25 12:23;1.399562
2017-05-25 12:33;1.470205
2017-05-25 12:43;1.637873
2017-05-25 12:53;1.30166
2017-05-25 13:03;1.10394
2017-05-25 13:13;1.189944
2017-05-25 13:23;1.220642
2017-05-25 13:33;0.862805
2017-05-25 13:43;1.323017
2017-05-25 13:53;1.454236
2017-05-25 14:03;1.421006
2017-05-25 14:12;1.489673
2017-05-25 14:22;0.955217
2017-05-25 14:32;1.319148
2017-05-25 14:42;1.37143
2017-05-25 14:52;1.194534
2017-05-25 15:02;1.602585
2017-05-25 15:12;1.562951
2017-05-25 15:22;2.349253
2017-05-25 15:32;2.279255
2017-05-25 15:42;2.558596
2017-05-25 15:52;2.229791
2017-05-25 16:02;2.128271
2017-05-25 16:12;2.024832
2017-05-25 16:21;2.187251
2017-05-25 16:31;1.890179
2017-05-25 16:41;1.765864
2017-05-25 16:51;1.5964
2017-05-25 17:01;1.68216
2017-05-25 17:11;1.79075
2017-05-25 17:21;1.613302
2017-05-25 17:32;1.245234
2017-05-25 17:42;0.629807
2017-05-25 17:52;0.557557
2017-05-25 18:02;0.189634
2017-05-25 18:12;0.544497
2017-05-25 18:22;0.535083
2017-05-25 18:32;0.232648
2017-05-25 18:42;0.134396
2017-05-25 18:52;0.287785
2017-05-25 19:02;0.396131
2017-05-25 19:11;0.253085
2017-05-25 19:21;0.262139
2017-05-25 19:31;0.128629
2017-05-25 19:41;0.281466
2017-05-25 19:51;0.806095
2017-05-25 20:01;0.596202
2017-05-25 20:11;0.544984
2017-05-25 20:21;0.884066
2017-05-25 20:31;1.246269
2017-05-25 20:41;1.364911
2017-05-25 20:51;1.275056
2017-05-25 21:01;1.211085
2017-05-25 21:11;1.166246
2017-05-25 21:21;1.078058
2017-05-25 21:31;1.107757
2017-05-25 21:40;1.197591
2017-05-25 21:50;1.200751
2017-05-25 22:00;1.244944
2017-05-25 22:10;1.245803
2017-05-25 22:20;1.248498
2017-05-25 22:30;1.282148
2017-05-25 22:40;1.236971
2017-05-25 22:50;1.288192
2017-05-25 23:00;1.264073
2017-05-25 23:10;1.224189
2017-05-25 23:20;1.196001
2017-05-25 23:30;1.218705
2017-05-25 23:40;1.185264
2017-05-25 23:50;1.09886
2017-05-26 00:00;1.117947
2017-05-26 00:09;1.219263
2017-05-26 00:19;1.128169
2017-05-26 00:29;1.129678
2017-05-26 00:39;1.158018
2017-05-26 00:49;1.130547
2017-05-26 00:59;1.123099
2017-05-26 01:09;1.151315
2017-05-26 01:19;1.150122
2017-05-26 01:29;1.123168
2017-05-26 01:39;1.137015
2017-05-26 01:49;1.198509
2017-05-26 01:59;1.33333
2017-05-26 02:09;1.271417
2017-05-26 02:19;1.349199
2017-05-26 02:29;1.407457
2017-05-26 02:38;1.367654
2017-05-26 02:48;1.35825
2017-05-26 02:58;1.269121
2017-05-26 03:08;1.308552
2017-05-26 03:18;1.338702
2017-05-26 03:28;1.428089
2017-05-26 03:38;1.535923
2017-05-26 03:48;1.561228
2017-05-26 03:58;1.622447
2017-05-26 04:08;1.634297
2017-05-26 04:18;1.593813
2017-05-26 04:28;1.643923
2017-05-26 04:38;1.60074
2017-05-26 04:48;1.570656
2017-05-26 04:58;1.690036
2017-05-26 05:08;1.531569
2017-05-26 05:18;1.700615
2017-05-26 05:28;1.584672
2017-05-26 05:38;1.417418
2017-05-26 05:48;1.418275
2017-05-26 05:58;1.509057
2017-05-26 06:08;1.596149
2017-05-26 06:18;1.59832
2017-05-26 06:28;1.642101
2017-05-26 06:38;1.729741
2017-05-26 06:47;1.717345
2017-05-26 06:57;1.722539
2017-05-26 07:07;1.791569
2017-05-26 07:17;1.793721
2017-05-26 07:27;1.803163
2017-05-26 07:37;1.436178
2017-05-26 07:47;1.494644
2017-05-26 07:57;1.381544
2017-05-26 08:07;1.559086
2017-05-26 08:17;0.985153
2017-05-26 08:27;1.275063
2017-05-26 08:37;1.357141
2017-05-26 08:47;1.339316
2017-05-26 08:57;1.061997
2017-05-26 09:07;1.346655
2017-05-26 09:17;1.36141
2017-05-26 09:27;1.554407
2017-05-26 09:37;1.033108
2017-05-26 09:47;0.543433
2017-05-26 09:57;1.085232
2017-05-26 10:06;1.029869
2017-05-26 10:16;0.676577
2017-05-26 10:26;0.907058
2017-05-26 10:36;0.843109
2017-05-26 10:46;0.695123
2017-05-26 10:56;0.285613
2017-05-26 11:06;0.833821
2017-05-26 11:16;0.878664
2017-05-26 11:26;1.03093
2017-05-26 11:37;0.967627
2017-05-26 11:47;1.060535
2017-05-26 11:57;0.6614
2017-05-26 12:07;0.52055
2017-05-26 12:16;0.816273
2017-05-26 12:26;0.525212
2017-05-26 12:36;0.744399
2017-05-26 12:46;0.553883
2017-05-26 12:56;0.753132
2017-05-26 13:06;0.077826
2017-05-26 13:16;0.493238
2017-05-26 13:26;0.786041
2017-05-26 13:35;0.356727
2017-05-26 13:45;0.431168
2017-05-26 13:55;0.711966
2017-05-26 14:05;0.766221
2017-05-26 14:15;0.720332
2017-05-26 14:25;0.713717
2017-05-26 14:35;0.631151
2017-05-26 14:45;0.710893
2017-05-26 14:55;0.696627
2017-05-26 15:05;0.871592
2017-05-26 15:15;0.72738
2017-05-26 15:25;0.66094
2017-05-26 15:35;0.47136
2017-05-26 15:45;0.367003
2017-05-26 15:55;0.546287
2017-05-26 16:05;0.718453
2017-05-26 16:15;0.580177
2017-05-26 16:25;1.179332
2017-05-26 16:35;0.648747
2017-05-26 16:45;0.714825
2017-05-26 16:55;1.022693
2017-05-26 17:05;1.582686
2017-05-26 17:15;1.012856
2017-05-26 17:25;1.168031
2017-05-26 17:34;0.614915
2017-05-26 17:44;0.842085
2017-05-26 17:54;0.735582
2017-05-26 18:04;0.78026
2017-05-26 18:14;0.641169
2017-05-26 18:24;0.164947
2017-05-26 18:34;0.198938
2017-05-26 18:44;0.248449
2017-05-26 18:54;0.098933
2017-05-26 19:04;0.348027
2017-05-26 19:14;0.433836
2017-05-26 19:24;0.472676
2017-05-26 19:34;0.951403
2017-05-26 19:44;1.160382
2017-05-26 19:54;1.130008
2017-05-26 20:03;1.124982
2017-05-26 20:13;1.189899
2017-05-26 20:23;1.261371
2017-05-26 20:33;1.10142
2017-05-26 20:43;1.341937
2017-05-26 20:53;1.247562
2017-05-26 21:03;1.28787
2017-05-26 21:13;1.10957
2017-05-26 21:23;1.309329
2017-05-26 21:33;0.978225
2017-05-26 21:43;1.299379
2017-05-26 21:53;1.27144
2017-05-26 22:03;1.060714
2017-05-26 22:13;1.355475
2017-05-26 22:23;1.497699
2017-05-26 22:32;1.503214
2017-05-26 22:42;1.542098
2017-05-26 22:52;1.445665
2017-05-26 23:02;1.509927
2017-05-26 23:12;1.510126
2017-05-26 23:22;1.5912
2017-05-26 23:32;1.74035
2017-05-26 23:42;1.844658
2017-05-26 23:52;1.846764
2017-05-27 00:02;1.854624
2017-05-27 00:12;1.9633
2017-05-27 00:22;2.05185
2017-05-27 00:32;2.044718
2017-05-27 00:42;2.051339
2017-05-27 00:52;2.032417
2017-05-27 01:01;2.078203
2017-05-27 01:11;2.067412
2017-05-27 01:21;2.004525
2017-05-27 01:31;1.993447
2017-05-27 01:41;1.886409
2017-05-27 01:51;1.814008
2017-05-27 02:01;1.845958
2017-05-27 02:11;2.001923
2017-05-27 02:21;2.135962
2017-05-27 02:31;2.053534
2017-05-27 02:41;1.890285
2017-05-27 02:51;1.689393
2017-05-27 03:01;1.766758
2017-05-27 03:11;1.728386
2017-05-27 03:21;1.778796
2017-05-27 03:31;1.777741
2017-05-27 03:41;1.779228
2017-05-27 03:51;1.749368
2017-05-27 04:01;1.744591
2017-05-27 04:10;1.828956
2017-05-27 04:20;1.872761
2017-05-27 04:30;2.00666
2017-05-27 04:40;1.783033
2017-05-27 04:50;1.797021
2017-05-27 05:00;1.755212
2017-05-27 05:10;1.506153
2017-05-27 05:20;1.649646
2017-05-27 05:30;1.651413
2017-05-27 05:41;1.730519
2017-05-27 05:51;1.667384
2017-05-27 06:01;1.582296
2017-05-27 06:11;1.727348
2017-05-27 06:21;1.911012
2017-05-27 06:31;1.972005
2017-05-27 06:41;1.991896
2017-05-27 06:51;2.017565
2017-05-27 07:01;2.083163
2017-05-27 07:10;2.037715
2017-05-27 07:20;1.761054
2017-05-27 07:30;1.71979
2017-05-27 07:40;1.623967
2017-05-27 07:50;1.604712
2017-05-27 08:00;1.419938
2017-05-27 08:10;1.686993
2017-05-27 08:20;1.658537
2017-05-27 08:30;1.556185
2017-05-27 08:40;1.516769
2017-05-27 08:50;1.477366
2017-05-27 09:00;1.419141
2017-05-27 09:10;1.415646
2017-05-27 09:20;1.509281
2017-05-27 09:30;1.653991
2017-05-27 09:39;1.690898
2017-05-27 09:49;1.759328
2017-05-27 09:59;1.692943
2017-05-27 10:09;1.694045
2017-05-27 10:19;1.916015
2017-05-27 10:29;1.150399
2017-05-27 10:39;1.173584
2017-05-27 10:49;1.309697
2017-05-27 10:59;1.326556
2017-05-27 11:09;1.542527
2017-05-27 11:19;1.459684
2017-05-27 11:29;1.281237
2017-05-27 11:39;1.244343
2017-05-27 11:49;1.054055
2017-05-27 11:59;0.856888
2017-05-27 12:08;0.975107
2017-05-27 12:18;0.667784
2017-05-27 12:28;1.010938
2017-05-27 12:38;0.44454
2017-05-27 12:48;0.703113
2017-05-27 12:58;0.752644
2017-05-27 13:08;0.635558
2017-05-27 13:18;0.107549
2017-05-27 13:28;-0.111335
2017-05-27 13:38;0.154942
2017-05-27 13:48;0.259241
2017-05-27 13:58;0.238227
2017-05-27 14:08;0.378541
2017-05-27 14:18;0.305851
2017-05-27 14:28;0.374425
2017-05-27 14:37;0.33565
2017-05-27 14:47;0.514737
2017-05-27 14:57;0.432643
2017-05-27 15:07;0.698196
2017-05-27 15:17;0.702315
2017-05-27 15:27;-0.300027
2017-05-27 15:37;-0.208394
2017-05-27 15:47;0.135844
2017-05-27 15:57;0.141866
2017-05-27 16:07;0.291005
2017-05-27 16:17;0.132682
2017-05-27 16:27;0.271819
2017-05-27 16:37;0.177391
2017-05-27 16:47;0.213528
2017-05-27 16:57;0.340598
2017-05-27 17:06;0.325224
2017-05-27 17:16;0.46314
2017-05-27 17:26;0.526673
2017-05-27 17:36;0.504626
2017-05-27 17:46;0.079941
2017-05-27 17:56;-0.098297
2017-05-27 18:06;0.14048
2017-05-27 18:16;0.331631
2017-05-27 18:26;0.099401
2017-05-27 18:36;0.187762
2017-05-27 18:46;0.380844
2017-05-27 18:56;0.356381
2017-05-27 19:06;0.228585
2017-05-27 19:16;0.194236
2017-05-27 19:26;0.280619
2017-05-27 19:35;0.665337
2017-05-27 19:45;0.709205
2017-05-27 19:55;0.909061
2017-05-27 20:05;1.361515
2017-05-27 20:15;1.528896
2017-05-27 20:25;1.329738
2017-05-27 20:35;1.320326
2017-05-27 20:45;1.843075
2017-05-27 20:55;1.973159
2017-05-27 21:05;1.951218
2017-05-27 21:15;1.908825
2017-05-27 21:25;2.05566
2017-05-27 21:35;1.941859
2017-05-27 21:45;1.893013
2017-05-27 21:55;1.850381
2017-05-27 22:05;1.850058
2017-05-27 22:15;1.76349
2017-05-27 22:25;1.92231
2017-05-27 22:35;1.878423
2017-05-27 22:45;1.874637
2017-05-27 22:55;1.762059
2017-05-27 23:05;1.806202
2017-05-27 23:15;1.786412
2017-05-27 23:24;1.688111
2017-05-27 23:35;1.660784
2017-05-27 23:45;1.618145
2017-05-27 23:55;1.640011
2017-05-28 00:05;1.655864
2017-05-28 00:15;1.538409
2017-05-28 00:25;1.450623
2017-05-28 00:35;1.344043
2017-05-28 00:45;1.443677
2017-05-28 00:55;1.51441
2017-05-28 01:05;1.488556
2017-05-28 01:15;1.646206
2017-05-28 01:25;1.71143
2017-05-28 01:35;1.643456
2017-05-28 01:45;1.697142
2017-05-28 01:55;1.708975
2017-05-28 02:05;1.72603
2017-05-28 02:15;1.5867
2017-05-28 02:25;1.504546
2017-05-28 02:35;1.585497
2017-05-28 02:45;1.504294
2017-05-28 02:55;1.496523
2017-05-28 03:05;1.54942
2017-05-28 03:15;1.648793
2017-05-28 03:25;1.62095
2017-05-28 03:35;1.579335
2017-05-28 03:45;1.505451
2017-05-28 03:55;1.504473
2017-05-28 04:05;1.448577
2017-05-28 04:14;1.501058
2017-05-28 04:24;1.534449
2017-05-28 04:34;1.521116
2017-05-28 04:43;1.384536
2017-05-28 04:53;1.394582
2017-05-28 05:03;1.47315
2017-05-28 05:13;1.504021
2017-05-28 05:23;1.690978
2017-05-28 05:33;1.759427
2017-05-28 05:43;1.688657
2017-05-28 05:53;1.709611
2017-05-28 06:03;1.651682
2017-05-28 06:13;1.711208
2017-05-28 06:23;1.84412
2017-05-28 06:33;1.838166
2017-05-28 06:43;1.888468
2017-05-28 06:53;2.015758
2017-05-28 07:03;1.996663
2017-05-28 07:13;2.10443
2017-05-28 07:23;2.034551
2017-05-28 07:33;2.236306
2017-05-28 07:43;2.163956
2017-05-28 07:53;2.197714
2017-05-28 08:03;2.143103
2017-05-28 08:13;2.2164
2017-05-28 08:23;2.005012
2017-05-28 08:33;2.040628
2017-05-28 08:43;2.107398
2017-05-28 08:53;2.144403
2017-05-28 09:03;1.732837
2017-05-28 09:13;1.912664
2017-05-28 09:23;1.622256
2017-05-28 09:33;0.961093
2017-05-28 09:41;1.084976
2017-05-28 09:51;1.081469
2017-05-28 10:01;0.727664
2017-05-28 10:11;0.900217
2017-05-28 10:21;1.110196
2017-05-28 10:31;1.292458
2017-05-28 10:41;1.214173
2017-05-28 10:51;1.019182
2017-05-28 11:01;0.292834
2017-05-28 11:11;0.745829
2017-05-28 11:21;0.677089
2017-05-28 11:31;0.427879
2017-05-28 11:41;0.344857
2017-05-28 11:51;1.072313
2017-05-28 12:01;0.677763
2017-05-28 12:10;0.760746
2017-05-28 12:20;0.505584
2017-05-28 12:30;0.75333
2017-05-28 12:40;0.797381
2017-05-28 12:50;0.602891
2017-05-28 13:00;0.133084
2017-05-28 13:10;0.393595
2017-05-28 13:20;0.117788
2017-05-28 13:30;0.209829
2017-05-28 13:40;0.475245
2017-05-28 13:50;0.594249
2017-05-28 14:00;0.457285
2017-05-28 14:10;0.527409
2017-05-28 14:20;0.637744
2017-05-28 14:30;0.323767
2017-05-28 14:39;0.709071
2017-05-28 14:49;0.609009
2017-05-28 14:59;0.611545
2017-05-28 15:09;0.482594
2017-05-28 15:19;0.896301
2017-05-28 15:29;0.943612
2017-05-28 15:39;0.617018
2017-05-28 15:49;0.577279
2017-05-28 15:59;0.328585
2017-05-28 16:09;0.598004
2017-05-28 16:19;0.48045
2017-05-28 16:29;0.347294
2017-05-28 16:39;0.762901
2017-05-28 16:49;0.619238
2017-05-28 16:59;0.35526
2017-05-28 17:09;0.357733
2017-05-28 17:19;0.482629
2017-05-28 17:29;0.377301
2017-05-28 17:39;0.544963
2017-05-28 17:49;0.261191
2017-05-28 17:59;0.436152
2017-05-28 18:09;0.466267
2017-05-28 18:19;0.584844
2017-05-28 18:29;0.720755
2017-05-28 18:39;0.51791
2017-05-28 18:49;0.478037
2017-05-28 18:59;0.477895
2017-05-28 19:09;0.459473
2017-05-28 19:19;0.601835
2017-05-28 19:29;0.774605
2017-05-28 19:39;0.808716
2017-05-28 19:49;1.623368
2017-05-28 19:59;1.831439
2017-05-28 20:09;1.489225
2017-05-28 20:19;1.519773
2017-05-28 20:29;1.45558
2017-05-28 20:39;1.433228
2017-05-28 20:49;1.962015
2017-05-28 20:59;1.625426
2017-05-28 21:09;1.660575
2017-05-28 21:18;1.848006
2017-05-28 21:28;1.967997
2017-05-28 21:38;2.139294
2017-05-28 21:48;2.358292
2017-05-28 21:58;2.317251
2017-05-28 22:08;2.29189
2017-05-28 22:18;2.283873
2017-05-28 22:28;2.214779
2017-05-28 22:38;2.138436
2017-05-28 22:48;1.986757
2017-05-28 22:58;1.960026
2017-05-28 23:08;1.960329
2017-05-28 23:18;1.906244
2017-05-28 23:28;1.900184
2017-05-28 23:38;1.759605
2017-05-28 23:47;1.727692
2017-05-28 23:57;1.821209
2017-05-29 00:07;1.942648
2017-05-29 00:17;1.683827
2017-05-29 00:27;1.770694
2017-05-29 00:37;1.766056
2017-05-29 00:47;1.858875
2017-05-29 00:57;1.881094
2017-05-29 01:07;1.892751
2017-05-29 01:17;1.952801
2017-05-29 01:27;1.995773
2017-05-29 01:37;1.911849
2017-05-29 01:46;2.040119
2017-05-29 01:56;1.853094
2017-05-29 02:06;1.776186
2017-05-29 02:16;1.882578
2017-05-29 02:26;1.913603
2017-05-29 02:36;1.915514
2017-05-29 02:46;1.861848
2017-05-29 02:56;1.762068
2017-05-29 03:06;1.628645
2017-05-29 03:16;1.760111
2017-05-29 03:26;1.673409
2017-05-29 03:36;1.692645
2017-05-29 03:45;1.712719
2017-05-29 03:55;1.617638
2017-05-29 04:05;1.503758
2017-05-29 04:15;1.648106
2017-05-29 04:25;1.649274
2017-05-29 04:35;1.587012
2017-05-29 04:45;1.541431
2017-05-29 04:55;1.728287
2017-05-29 05:05;1.74041
2017-05-29 05:15;1.992895
2017-05-29 05:25;1.908813
2017-05-29 05:35;1.908147
2017-05-29 05:44;1.863987
2017-05-29 05:54;1.816953
2017-05-29 06:04;1.891625
2017-05-29 06:14;1.946371
2017-05-29 06:24;1.961091
2017-05-29 06:34;1.883021
2017-05-29 06:44;2.014279
2017-05-29 06:54;2.253873
2017-05-29 07:04;2.283453
2017-05-29 07:14;2.334975
2017-05-29 07:24;2.276325
2017-05-29 07:34;2.336405
2017-05-29 07:44;1.917714
2017-05-29 07:54;1.572985
2017-05-29 08:04;1.155619
2017-05-29 08:14;0.917254
2017-05-29 08:24;0.793597
2017-05-29 08:34;1.230955
2017-05-29 08:44;1.45575
2017-05-29 08:54;1.347996
2017-05-29 09:04;1.218457
2017-05-29 09:14;1.438111
2017-05-29 09:23;1.192895
2017-05-29 09:33;1.383841
2017-05-29 09:43;1.47771
2017-05-29 09:53;1.322896
2017-05-29 10:03;1.529802
2017-05-29 10:13;1.497959
2017-05-29 10:23;1.295149
2017-05-29 10:33;1.1303
2017-05-29 10:43;1.530055
2017-05-29 10:53;1.181287
2017-05-29 11:03;1.294844
2017-05-29 11:13;1.548366
2017-05-29 11:23;0.910479
2017-05-29 11:33;0.66387
2017-05-29 11:44;1.054464
2017-05-29 11:54;1.198055
2017-05-29 12:04;0.888649
2017-05-29 12:14;0.694849
2017-05-29 12:23;0.63693
2017-05-29 12:33;1.038486
2017-05-29 12:43;1.023555
2017-05-29 12:53;0.408904
2017-05-29 13:03;0.909111
2017-05-29 13:13;0.693457
2017-05-29 13:23;0.917231
2017-05-29 13:33;1.545992
2017-05-29 13:43;1.113484
2017-05-29 13:53;0.713416
2017-05-29 14:03;1.252766
2017-05-29 14:13;0.958969
2017-05-29 14:23;0.973761
2017-05-29 14:33;1.390221
2017-05-29 14:43;0.623232
2017-05-29 14:53;1.092988
2017-05-29 15:03;0.63976
2017-05-29 15:13;0.775974
2017-05-29 15:23;0.928403
2017-05-29 15:33;0.439394
2017-05-29 15:43;0.440298
2017-05-29 15:53;0.937046
2017-05-29 16:03;0.637684
2017-05-29 16:13;0.625222
2017-05-29 16:23;0.417316
2017-05-29 16:33;0.151055
2017-05-29 16:43;-0.175049
2017-05-29 16:53;0.844684
2017-05-29 17:03;0.464857
2017-05-29 17:13;0.792579
2017-05-29 17:22;0.82857
2017-05-29 17:32;1.048805
2017-05-29 17:42;0.370496
2017-05-29 17:51;1.079827
2017-05-29 18:01;1.132009
2017-05-29 18:11;0.415161
2017-05-29 18:21;0.92263
2017-05-29 18:31;0.922781
2017-05-29 18:41;1.282473
2017-05-29 18:51;1.532461
2017-05-29 19:01;1.457507
2017-05-29 19:11;1.374503
2017-05-29 19:21;1.211932
2017-05-29 19:31;1.154072
2017-05-29 19:41;1.389832
2017-05-29 19:51;1.244728
2017-05-29 20:01;1.206761
2017-05-29 20:11;1.593589
2017-05-29 20:20;1.661646
2017-05-29 20:30;2.201733
2017-05-29 20:40;2.149132
2017-05-29 20:50;2.250137
2017-05-29 21:00;2.188757
2017-05-29 21:10;2.164511
2017-05-29 21:20;2.237722
2017-05-29 21:30;2.067885
2017-05-29 21:40;2.107422
2017-05-29 21:50;2.34764
2017-05-29 22:00;2.327265
2017-05-29 22:10;2.511073
2017-05-29 22:20;2.17975
2017-05-29 22:30;2.15716
2017-05-29 22:40;2.176947
2017-05-29 22:49;1.816799
2017-05-29 22:59;1.708407
2017-05-29 23:09;1.824067
2017-05-29 23:19;1.808321
2017-05-29 23:29;1.749632
2017-05-29 23:39;1.623256
2017-05-29 23:49;1.531714
2017-05-29 23:59;1.545775
2017-05-30 00:09;1.55079
2017-05-30 00:19;1.568486
2017-05-30 00:29;1.639743
2017-05-30 00:39;1.692973
2017-05-30 00:49;2.029009
2017-05-30 00:59;1.999183
2017-05-30 01:09;1.693657
2017-05-30 01:18;1.690228
2017-05-30 01:28;2.034768
2017-05-30 01:38;2.049952
2017-05-30 01:48;1.979208
2017-05-30 01:58;2.084535
2017-05-30 02:08;2.298046
2017-05-30 02:18;2.315446
2017-05-30 02:28;2.334692
2017-05-30 02:38;2.344744
2017-05-30 02:48;2.22302
2017-05-30 02:58;2.58864
2017-05-30 03:08;2.454542
2017-05-30 03:18;2.469469
2017-05-30 03:28;2.388762
2017-05-30 03:38;2.237137
2017-05-30 03:47;2.180456
2017-05-30 03:57;2.026798
2017-05-30 04:07;2.094396
2017-05-30 04:17;2.115935
2017-05-30 04:27;2.216045
2017-05-30 04:37;2.34504
2017-05-30 04:47;2.496499
2017-05-30 04:57;2.430749
2017-05-30 05:07;2.491866
2017-05-30 05:17;2.368566
2017-05-30 05:27;2.5346
2017-05-30 05:38;2.316122
2017-05-30 05:48;2.326507
2017-05-30 05:58;2.208367
2017-05-30 06:08;2.076774
2017-05-30 06:17;2.266861
2017-05-30 06:27;2.36068
2017-05-30 06:37;2.428377
2017-05-30 06:47;2.492043
2017-05-30 06:57;2.422288
2017-05-30 07:07;2.560115
2017-05-30 07:17;2.513953
2017-05-30 07:27;2.542609
2017-05-30 07:37;2.41692
2017-05-30 07:47;2.200148
2017-05-30 07:57;2.057947
2017-05-30 08:07;2.077361
2017-05-30 08:17;2.131923
2017-05-30 08:27;2.540344
2017-05-30 08:37;2.439174
2017-05-30 08:47;2.481352
2017-05-30 08:57;2.533897
2017-05-30 09:07;2.578773
2017-05-30 09:17;2.941054
2017-05-30 09:27;2.859647
2017-05-30 09:36;2.758588
2017-05-30 09:46;2.911437
2017-05-30 09:56;1.731815
2017-05-30 10:06;1.843762
2017-05-30 10:16;1.577885
2017-05-30 10:26;1.696656
2017-05-30 10:36;1.753017
2017-05-30 10:46;1.83608
2017-05-30 10:55;1.395029
2017-05-30 11:05;1.904152
2017-05-30 11:15;1.792624
2017-05-30 11:25;1.731274
2017-05-30 11:35;1.769608
2017-05-30 11:45;2.512163
2017-05-30 11:55;2.250161
2017-05-30 12:05;1.890346
2017-05-30 12:15;2.362533
2017-05-30 12:25;2.202088
2017-05-30 12:35;2.248048
2017-05-30 12:45;1.929066
2017-05-30 12:55;1.896363
2017-05-30 13:05;2.317531
2017-05-30 13:15;1.887642
2017-05-30 13:25;1.868077
2017-05-30 13:35;1.56465
2017-05-30 13:45;1.666148
2017-05-30 13:55;1.789891
2017-05-30 14:04;2.099585
2017-05-30 14:14;2.425782
2017-05-30 14:24;1.796653
2017-05-30 14:34;1.732944
2017-05-30 14:44;1.81448
2017-05-30 14:54;1.670318
2017-05-30 15:04;0.813927
2017-05-30 15:14;1.074347
2017-05-30 15:24;1.170448
2017-05-30 15:35;1.071235
2017-05-30 15:45;1.138098
2017-05-30 15:55;1.008074
2017-05-30 16:05;1.202661
2017-05-30 16:15;0.753058
