Time;Atm_pressure;Temperature;Humidity;Displacement
09.05.2017 22:00;1015.27001953;1.45000005;94.02999878;0
09.05.2017 23:00;1015.27001953;0.92000002;96.33000183;0.0360594953472102
10.05.2017 00:00;1014.75;0.34999999;96.09999847;-0.0798570520949085
10.05.2017 01:00;1014.67999268;-0.38;96.83000183;-0.146116300323115
10.05.2017 02:00;1014.45001221;-0.56999999;96.90000153;-0.176960966103337
10.05.2017 03:00;1014.38000488;-1.04999995;97.19999695;-0.22484411909408
10.05.2017 04:00;1014.59997559;-0.30000001;96.69999695;-0.14526163454719
10.05.2017 05:00;1014.45001221;0.18000001;95.75;-0.132733593249718
10.05.2017 06:00;1014.45001221;4.46999979;91.69999695;0.367373623155217
10.05.2017 07:00;1014.15002441;7.55000019;67.94999695;-0.708208244007807
10.05.2017 08:00;1013.63000488;8.52000046;58.66999817;-1.30750675053483
10.05.2017 09:00;1013.47998047;8.72999954;52.81999969;-1.75902373089209
10.05.2017 10:00;1012.95001221;9.77999973;47.29999924;-2.13598754969096
10.05.2017 11:00;1012.20001221;10.56999969;42.45000076;-2.52662076193319
10.05.2017 12:00;1012.20001221;9.30000019;49.41999817;-2.03383607797409
10.05.2017 13:00;1011.82000732;10.06999969;47.11999893;-2.17104706777612
10.05.2017 14:00;1011.29998779;10.44999981;50.22999954;-1.8753877870418
10.05.2017 15:00;1011;10.30000019;45.63000107;-2.31501606567738
10.05.2017 16:00;1010.77001953;10.44999981;49.34999847;-1.97655327866458
10.05.2017 17:00;1010.47998047;10.06999969;50.79999924;-1.90427772486826
10.05.2017 18:00;1010.17999268;8.47999954;61.45000076;-1.23654242284561
10.05.2017 19:00;1010.17999268;6.17999983;74.5;-0.627348848167607
10.05.2017 20:00;1010.09997559;5.46999979;78.43000031;-0.483757265897538
10.05.2017 21:00;1010.0300293;3.9000001;86.51999664;-0.245090534441623
10.05.2017 22:00;1009.86999512;3.6500001;84.30000305;-0.425565978631248
10.05.2017 23:00;1009.79998779;2.95000005;87.19999695;-0.37167201368257
11.05.2017 00:00;1009.2800293;3.22000003;87.25;-0.348061182282812
11.05.2017 01:00;1008.97998047;3.22000003;85.77999878;-0.445453784674484
11.05.2017 02:00;1008.59997559;2.23000002;89.5;-0.407566530770865
11.05.2017 03:00;1008.36999512;1.39999998;93.02999878;-0.35693821247348
11.05.2017 04:00;1008.59997559;2.75;92.59999847;-0.153025035295656
11.05.2017 05:00;1008.45001221;6.55000019;78.12999725;-0.380950629180049
11.05.2017 06:00;1008.45001221;10.60000038;63.27000046;-0.795340354432831
11.05.2017 07:00;1008.66998291;15.38000011;48.47000122;-1.41083777237514
11.05.2017 08:00;1008.36999512;17.20000076;46.52999878;-1.3083927627324
11.05.2017 09:00;1008.15002441;17.20000076;46.65000153;-1.30144553644417
11.05.2017 10:00;1007.61999512;17.20000076;46.25;-1.37622604603945
11.05.2017 11:00;1007.16998291;18.82999992;43.09999847;-1.49567656200693
11.05.2017 12:00;1007.16998291;19.62000084;40.68000031;-1.69325197804267
11.05.2017 13:00;1006.72998048;19.39999963;40.6;-1.78221089621916
11.05.2017 14:00;1006.41998291;20.20000076;39.75;-1.74937079052679
11.05.2017 15:00;1006.11999512;20.35000038;35.72000122;-2.36838733092812
11.05.2017 16:00;1005.75;20.07999992;38.90000153;-1.93339634207458
11.05.2017 17:00;1005.59997559;20.25;36.97999954;-2.20823042454021
11.05.2017 18:00;1005.59997559;16.96999931;50.5;-0.948283152254731
11.05.2017 19:00;1006.11999512;13.94999981;66.52999878;0.223187459892323
11.05.2017 20:00;1006.11999512;11.30000019;79.52999878;0.782497592636823
11.05.2017 21:00;1006.11999512;8.72999954;89.66999817;0.913824718228071
11.05.2017 22:00;1006.04998779;8.35000038;89.94999695;0.824678494389062
11.05.2017 23:00;1005.90002441;8.72999954;88.5;0.809865159997983
12.05.2017 00:00;1005.5300293;7.8499999;91.80000305;0.806605292853362
12.05.2017 01:00;1005.29998779;8.63000011;91.31999969;0.983196497203508
12.05.2017 02:00;1005;9.25;91.59999847;1.18183628854997
12.05.2017 03:00;1004.84997559;9.67000008;89.51999664;1.13064503056589
12.05.2017 04:00;1004.40002441;9.72000027;90.27999878;1.19270211108488
12.05.2017 05:00;1005;10.05000019;91.58000183;1.43781462195538
12.05.2017 06:00;1005;10.14999962;93.34999847;1.62722498816115
12.05.2017 07:00;1005;11.14999962;94.84999847;2.12508664582869
12.05.2017 08:00;1005.29998779;11.85000038;93.91999817;2.31925668144017
12.05.2017 09:00;1005.45001221;12.77000046;94.02999878;2.7110780959819
12.05.2017 10:00;1005.5300293;13.80000019;91.23000336;2.85745243404783
12.05.2017 11:00;1005.59997559;15.19999981;88.37000275;3.15835654287507
12.05.2017 12:00;1005.29998779;17.28000069;80.75;3.14774047355085
12.05.2017 13:00;1005.29998779;17.57999992;76.16999817;2.66737930786535
12.05.2017 14:00;1005.5300293;18.27000046;72.31999969;2.44409609365427
12.05.2017 15:00;1005.75;16.85000038;77.37000275;2.5286569865087
12.05.2017 16:00;1005.90002441;16.54999924;79.05000305;2.62280408143697
12.05.2017 17:00;1006.04998779;16.60000038;76.34999847;2.30394775151592
12.05.2017 18:00;1006.86999512;15.64999962;80.37999725;2.44758565746148
12.05.2017 19:00;1007.32000732;14.22999954;86.55000305;2.59610406953844
12.05.2017 20:00;1007.84997559;13.57999992;90.65000153;2.79611505671254
12.05.2017 21:00;1007.54998779;12.86999989;94.41999817;2.88080964445801
12.05.2017 22:00;1007.61999512;12.64999962;94.94999695;2.84494433149077
12.05.2017 23:00;1007.54998779;12.60000038;94.02999878;2.72716606113507
13.05.2017 00:00;1007.61999512;12.60000038;94.56999969;2.78512100183705
13.05.2017 01:00;1007.61999512;12.5;94.94999695;2.78190560601345
13.05.2017 02:00;1007.61999512;12.55000019;95.34999847;2.84350214703704
13.05.2017 03:00;1007.7800293;12.55000019;95.05000305;2.81965631036607
13.05.2017 04:00;1008.15002441;12.5;95.91999817;2.90222621174591
13.05.2017 05:00;1008.45001221;12.77000046;95.83000183;3.02090419821376
13.05.2017 06:00;1008.90002441;12.43000031;98.59999847;3.17428740372102
13.05.2017 07:00;1009.20001221;12.39999962;99.19999695;3.23409326705719
13.05.2017 08:00;1009.86999512;12.5;99.66999817;3.35371207473216
13.05.2017 09:00;1010.47998047;12.75;98.05000305;3.32483873957223
13.05.2017 10:00;1011;12.97999954;95;3.13134673790003
13.05.2017 11:00;1011.45001221;13.42000008;91.44999695;2.96335872092838
13.05.2017 12:00;1011.52001953;14.5;85.75;2.79167839133229
13.05.2017 13:00;1012.11999512;14.39999962;85.62999725;2.76118852442389
13.05.2017 14:00;1012.5;13.64999962;88.44999695;2.77975963014408
13.05.2017 15:00;1013.02001953;14.19999981;86.87000275;2.85480516294377
13.05.2017 16:00;1013.54998779;14.10000038;88.44999695;3.01095821871928
13.05.2017 17:00;1013.84997559;14.5;87.77999878;3.11890087188106
13.05.2017 18:00;1014.29998779;13.75;90.94999695;3.1679712280018
13.05.2017 19:00;1014.9699707;12.22000027;95.90000153;3.06630563654441
13.05.2017 20:00;1015.5;11.52999973;96.87999725;2.90318134618116
13.05.2017 21:00;1015.88000488;11.43000031;97.91999817;2.97813421938049
13.05.2017 22:00;1016.33001709;11.85000038;97.34999847;3.1130358904951
13.05.2017 23:00;1016.70001221;12.07999992;98.15000153;3.30301090199112
14.05.2017 00:00;1016.4699707;11.44999981;98.02999878;3.0212721375059
14.05.2017 01:00;1017;10.75;96.56999969;2.63427994989387
14.05.2017 02:00;1017.83001709;8.75;98.30000305;2.11186761656773
14.05.2017 03:00;1018.20001221;9.25;98.5;2.312778457674
14.05.2017 04:00;1018.79998779;9.63000011;97.26999664;2.36583805616139
14.05.2017 05:00;1019.25;10.75;94.68000031;2.55559985897888
14.05.2017 06:00;1019.63000488;12.85000038;93.15000153;3.24209240942545
14.05.2017 07:00;1020.2199707;15.47999954;79.15000153;2.77807508706133
14.05.2017 08:00;1020.5300293;16.43000031;70.91999817;2.13703480836
14.05.2017 09:00;1020.90002441;17.5;69.44999695;2.36151805337463
14.05.2017 10:00;1021.04998779;18.04999924;59.31999969;1.17183184424588
14.05.2017 11:00;1021.20001221;18.82999992;53;0.514849607970618
14.05.2017 12:00;1021.20001221;19.5;47.79999924;-0.0734303493437167
14.05.2017 13:00;1021.20001221;19.79999924;44.81999969;-0.452725286120511
14.05.2017 14:00;1020.75;20.27000046;40.59999847;-1.0216357726553
14.05.2017 15:00;1020.66998291;20.29999924;38.88000107;-1.28996992044115
14.05.2017 16:00;1020.75;20.35000038;40.22000122;-1.06484482693092
14.05.2017 17:00;1021.04998779;19.60000038;49.75;0.24244525112907
14.05.2017 18:00;1021.2800293;16.62999916;56.75;0.4195853889563
14.05.2017 19:00;1021.95001221;13.05000019;77.27999878;1.76105436434796
14.05.2017 20:00;1022.25;11.35000038;84.22000122;1.91426887169014
14.05.2017 21:00;1022.7800293;10.18000031;92.08000183;2.26998148468873
14.05.2017 22:00;1023.08001709;8.94999981;94.52999878;2.09012077180569
14.05.2017 23:00;1023.29998779;8.56999969;95.52999878;2.061097831952
15.05.2017 00:00;1023.36999512;8.42000008;96.72000122;2.11209235087641
15.05.2017 01:00;1023.36999512;8.27000046;96.87999725;2.07791421378049
15.05.2017 02:00;1023.66998291;7.26999998;98.5;1.91235921810049
15.05.2017 03:00;1023.90002441;6.73000002;96.02999878;1.59043870554003
15.05.2017 04:00;1024.11999512;9.63000011;93.80000305;2.29251788670452
15.05.2017 05:00;1024.5;11.30000019;83.75;1.94764102162533
15.05.2017 06:00;1024.94995117;16.62999916;69.80000305;2.247964902288
15.05.2017 07:00;1025.40002441;16.06999969;64.69999695;1.43146293815241
15.05.2017 08:00;1025.625;17.345000265;61.52499771;1.42250174833935
15.05.2017 09:00;1025.84997559;18.62000084;58.34999847;1.4135405585263
15.05.2017 10:00;1025.92004395;19.60000038;56.16999817;1.41463349922608
15.05.2017 11:00;1025.61999512;20.85000038;44.41999817;-0.0785805499682724
15.05.2017 12:00;1025.61999512;20.64999962;49.22999954;0.644718712263796
15.05.2017 13:00;1025.55004883;19.12000084;66.83000183;2.82034831509144
15.05.2017 14:00;1025.61999512;18.82999992;60.84999847;1.83658656130028
15.05.2017 15:00;1025.40002441;18.68000031;69.19999695;2.98023471961158
15.05.2017 16:00;1025.55004883;18.10000038;72.31999969;3.18710499059055
15.05.2017 17:00;1026.06994629;17.5;73.51999664;3.12227973115964
15.05.2017 18:00;1026.44995117;15.35000038;88.15000153;4.05847190728066
15.05.2017 19:00;1026.67004395;14.32999992;92.34999847;4.09038392852039
15.05.2017 20:00;1027.2800293;13.52000046;93.44999695;3.87616491056317
15.05.2017 21:00;1027.56994629;13.14999962;96.52999878;4.05302059854562
15.05.2017 22:00;1027.86999512;12.68000031;96.52999878;3.86007000576429
15.05.2017 23:00;1028.09997559;12.02000046;98.02999878;3.74018166428576
16.05.2017 00:00;1027.94995117;11.69999981;97.62999725;3.56269410457672
16.05.2017 01:00;1027.94995117;10.75;97.25;3.15406430723802
16.05.2017 02:00;1027.94995117;10.10000038;98.72000122;3.0434718282091
16.05.2017 03:00;1028.18005371;10.27999973;99.22000122;3.16417348442168
16.05.2017 04:00;1028.18005371;10.93000031;99.44999695;3.43537747401644
16.05.2017 05:00;1028.47998047;11.85000038;99;3.77981652097164
16.05.2017 06:00;1028.84997559;12.64999962;98.25;4.06372398480456
16.05.2017 07:00;1029;13.22999954;97.19999695;4.21876548638718
16.05.2017 08:00;1029.30004883;14.30000019;91.62000275;4.10318339627768
16.05.2017 09:00;1029.22998047;15.94999981;84.69999695;4.02557604239067
16.05.2017 10:00;1028.47998047;18.14999962;71.27999878;3.18189343147363
16.05.2017 11:00;1027.86999512;19.77000046;62.58000183;2.53239648332757
16.05.2017 12:00;1027.94995117;13.57999992;89.80000305;3.536132145272
16.05.2017 13:00;1027.65002441;15.77999973;79.76999664;3.28041929182034
16.05.2017 14:00;1027.65002441;17.12000084;75.84999847;3.33944464572604
16.05.2017 15:00;1027.5;17;72.22000122;2.80633047857239
16.05.2017 16:00;1027.5;16.45000076;77;3.20385012286452
16.05.2017 17:00;1027.34997559;16.39999962;75.81999969;3.02742932902862
16.05.2017 18:00;1027.80004883;15.19999981;81.80000305;3.29315326863173
16.05.2017 19:00;1027.86999512;13;92.97000122;3.6276755234666
16.05.2017 20:00;1028.18005371;11.43000031;96.59999847;3.36537635316703
16.05.2017 21:00;1028.40002441;9.42000008;98.06999969;2.76381836855727
16.05.2017 22:00;1028.47998047;8.55000019;96.91999817;2.38433712245088
16.05.2017 23:00;1028.25;8;97.18000031;2.22412768688368
17.05.2017 00:00;1028.18005371;7.17000008;98.59999847;2.08142227125448
17.05.2017 01:00;1027.94995117;7.69999981;97.76999664;2.16605701377573
17.05.2017 02:00;1027.80004883;8.47999954;97.48000336;2.37819189573618
17.05.2017 03:00;1027.94995117;9.05000019;97.48000336;2.57010279227197
17.05.2017 04:00;1028.09997559;9.10000038;96.56999969;2.51777038352018
17.05.2017 05:00;1028.18005371;12.30000019;92.55000305;3.31311561511394
17.05.2017 06:00;1028.09997559;15.5;74.73000336;2.57703632871453
17.05.2017 07:00;1027.80004883;16.31999969;71.31999969;2.4453251822024
17.05.2017 08:00;1027.34997559;18.46999931;64.23000336;2.26466929412452
17.05.2017 09:00;1026.97998047;19.92000008;52.97000122;1.06956289378536
17.05.2017 10:00;1026.67004395;20.17000008;46.84999847;0.176128115790888
17.05.2017 11:00;1025.92004395;20.85000038;42.29999924;-0.411266660663877
17.05.2017 12:00;1025.40002441;21.31999969;44.16999817;-0.00748690297992738
17.05.2017 13:00;1024.72998047;21.25;45.16999817;0.113501004969983
17.05.2017 14:00;1023.90002441;21.54999924;45.41999817;0.203927479584749
17.05.2017 15:00;1023.29998779;21.5;47.02999878;0.437218874580211
17.05.2017 16:00;1022.91998291;21.17000008;45;-0.00906112581388641
17.05.2017 17:00;1022.7800293;19.82999992;51.95000076;0.714867314860797
17.05.2017 18:00;1022.70001221;17.75;58.72000122;1.06206884312355
17.05.2017 19:00;1022.7800293;16.03000069;65.27999878;1.38353322475226
17.05.2017 20:00;1022.70001221;13.10000038;84.22000122;2.53685334449094
17.05.2017 21:00;1022.40002441;11.85000038;88.5;2.50250105940582
17.05.2017 22:00;1021.95001221;10.05000019;94.02999878;2.36269777611419
17.05.2017 23:00;1021.58001709;9.88000011;95.23000336;2.39342953506742
18.05.2017 00:00;1021.5;9.02999973;95.91999817;2.1636531704862
18.05.2017 01:00;1021.04998779;8.55000019;96.98000336;2.0761865714686
18.05.2017 02:00;1020.75;8.14999962;97.48000336;1.97718511325058
18.05.2017 03:00;1020.66998291;7.30000019;97.30000305;1.70522514321207
18.05.2017 04:00;1020.66998291;9.5;94.84999847;2.19402910049472
18.05.2017 05:00;1020.66998291;11.80000019;85.15000153;2.08669507221106
18.05.2017 06:00;1020.75;14.5;76.08000183;2.07148648797845
18.05.2017 07:00;1020.5300293;16.70000076;71.34999847;2.29265750833823
18.05.2017 08:00;1019.91998291;19.29999924;59.86999893;1.62600310491729
18.05.2017 09:00;1019.33001709;21.60000038;50.09999847;0.82677791523691
18.05.2017 10:00;1018.65002441;22.39999962;47.29999924;0.568959085329425
18.05.2017 11:00;1018.20001221;23.45000076;45.20000076;0.499061619735137
18.05.2017 12:00;1017.75;23.85000038;41.09999847;-0.175075278615751
18.05.2017 13:00;1017.38000488;23.89999962;42.33000183;0.0601641066451819
18.05.2017 14:00;1016.92999268;24.32999992;41.65000153;0.0380273304601033
18.05.2017 15:00;1016.4699707;23.82999992;44.84999847;0.484568152051288
18.05.2017 16:00;1016.17999268;23.10000038;47.02999878;0.645215462312322
18.05.2017 17:00;1016.02001953;21.79999924;48.20000076;0.433068557564489
18.05.2017 18:00;1016.02001953;19.62000084;54.25;0.728145625263274
18.05.2017 19:00;1016.02001953;17.95000076;57.29999924;0.655145717595232
18.05.2017 20:00;1016.09997559;16.06999969;67.58000183;1.40867631635486
18.05.2017 21:00;1016.02001953;13.47999954;85.18000031;2.50510714196443
18.05.2017 22:00;1016.02001953;12.07999992;91.90000153;2.65676598613603
18.05.2017 23:00;1015.5;11.5;92.97000122;2.51761476927863
19.05.2017 00:00;1015.5;11.05000019;94.59999847;2.50241042695816
19.05.2017 01:00;1015.34997559;10.39999962;96.52999878;2.43178980373619
19.05.2017 02:00;1015.57000732;9.97000027;96.25;2.26162784947672
19.05.2017 03:00;1015.5;9.35000038;97;2.10795157190529
19.05.2017 04:00;1015.5;11.02999973;93.55000305;2.39737835442136
19.05.2017 05:00;1015.57000732;14.22999954;81.87999725;2.41327896050832
19.05.2017 06:00;1015.5;16.75;69.81999969;1.9076009701345
19.05.2017 07:00;1015.34997559;19.5;62.97999954;1.9815819471267
19.05.2017 08:00;1014.87664795333;21;57.1133333833333;1.50109502306319
19.05.2017 09:00;1014.40332031667;22.5;51.2466672266667;1.02060809899968
19.05.2017 10:00;1013.92999268;24;45.38000107;0.540121174936175
19.05.2017 11:00;1013.32000732;24.39999962;43.29999924;0.239921067420966
19.05.2017 12:00;1012.88000488;25;43.90000153;0.538516991848688
19.05.2017 13:00;1012.20001221;25.39999962;45.95000076;1.07351326884984
19.05.2017 14:00;1011.82000732;25.85000038;47.45000076;1.54525999752806
19.05.2017 15:00;1011.45001221;25.75;44.91999817;0.956097072415901
19.05.2017 16:00;1011;25;49.02000046;1.50457487345562
19.05.2017 17:00;1010.92999268;23.93000031;52.15000153;1.6975722094808
19.05.2017 18:00;1010.92999268;21.81999969;58.54999924;2.00916483161428
19.05.2017 19:00;1011.15002441;20.07999992;63.09999847;2.05817207169633
19.05.2017 20:00;1011.45001221;17.85000038;74.01999664;2.74175753189799
19.05.2017 21:00;1011.52001953;17.18000031;73.34999847;2.37392155677987
19.05.2017 22:00;1012.11999512;14.77000046;87;3.07487456958272
19.05.2017 23:00;1012.20001221;13.82999992;92.15000153;3.24701454462991
20.05.2017 00:00;1012.20001221;13;94.23000336;3.10940052270647
20.05.2017 01:00;1012.34997559;12.39999962;95.06999969;2.94887955634469
20.05.2017 02:00;1012.20001221;11.85000038;96.56999969;2.86500987551715
20.05.2017 03:00;1012.34997559;11.97000027;95.84999847;2.84967755121221
20.05.2017 04:00;1012.72998047;12.89999962;92.02999878;2.860507167836
20.05.2017 05:00;1013.02001953;15;90.27999878;3.59688501418994
20.05.2017 06:00;1013.63000488;18.07999992;79;3.62508982023879
20.05.2017 07:00;1014.07000732;19;69.81999969;2.74475108895528
20.05.2017 08:00;1013.84997559;19.70000076;69.91999817;3.05797901679532
20.05.2017 09:00;1013.92999268;21.29999924;64.30000305;2.88044346289242
20.05.2017 10:00;1014.15002441;21.96999931;65.59999847;3.41863293586113
20.05.2017 11:00;1014.59997559;20.45000076;69.73000336;3.40305828682182
20.05.2017 12:00;1014.90002441;18.75;75.81999969;3.54129796624871
20.05.2017 13:00;1015.20001221;17.87000084;78.37999725;3.50449594266986
20.05.2017 14:00;1015.5;17.28000069;79.12000275;3.34701220218472
20.05.2017 15:00;1015.65002441;16.31999969;81.44999695;3.2272156278369
20.05.2017 16:00;1015.88000488;16.39999962;80.62000275;3.16664511344744
20.05.2017 17:00;1016.40002441;15.5;83.75;3.1837246089146
20.05.2017 18:00;1017.29998779;15.44999981;82.06999969;2.99712368552764
20.05.2017 19:00;1017.90002441;14.52000046;88.94999695;3.42793491586212
20.05.2017 20:00;1018.41998291;13.57999992;96.5;3.86498245296621
20.05.2017 21:00;1018.5;13.36999989;97.98000336;3.9304949587993
20.05.2017 22:00;1018.95001221;13.27000046;98.40000153;3.94769371029298
20.05.2017 23:00;1018.7199707;12.97999954;98.44999695;3.81108496276528
21.05.2017 00:00;1018.79998779;12.86999989;98.83000183;3.80422977066318
21.05.2017 01:00;1018.95001221;12.89999962;98.90000153;3.83125478515866
21.05.2017 02:00;1019.25;12.94999981;98.15000153;3.78830686633126
21.05.2017 03:00;1019.25;12.80000019;97.72000122;3.67693066238156
21.05.2017 04:00;1019.54998779;12.75;93.90000153;3.27447185035013
21.05.2017 05:00;1020.15002441;12.55000019;91.31999969;2.95426583885706
21.05.2017 06:00;1020.75;12.18000031;87.69999695;2.47456662358541
21.05.2017 07:00;1021.20001221;12.77000046;84.15000153;2.34743148546798
21.05.2017 08:00;1021.2800293;13.10000038;83.37999725;2.38982170093233
21.05.2017 09:00;1021.65002441;13.44999981;81.52999878;2.33562689539835
21.05.2017 10:00;1021.65002441;14;80.26999664;2.39867391684925
21.05.2017 11:00;1021.5;15.81999969;72.65000153;2.17001792364699
21.05.2017 12:00;1020.90002441;18.35000038;66.12000275;2.22591803503975
21.05.2017 13:00;1020.38000488;20.17000008;56.52000046;1.43683440210357
21.05.2017 14:00;1019.84997559;19.70000076;57.20000076;1.35899775484759
21.05.2017 15:00;1019.63000488;19.35000038;60.70000076;1.75625760887765
21.05.2017 16:00;1019.91998291;18.89999962;60.79999924;1.6222400627906
21.05.2017 17:00;1020.2199707;18.07999992;64.31999969;1.84526995573383
21.05.2017 18:00;1020.45001221;17.46999931;64.44999695;1.65745412274847
21.05.2017 19:00;1020.75;17;64.02999878;1.45486428247401
21.05.2017 20:00;1021.04998779;16.31999969;68.37000275;1.79591112808116
21.05.2017 21:00;1021.20001221;15.77999973;69.09999847;1.7082079185861
21.05.2017 22:00;1021.04998779;15.44999981;71.94999695;1.93451593764703
21.05.2017 23:00;1020.75;14.77000046;77.08000183;2.28343175699334
22.05.2017 00:00;1020.75;14.60000038;78.62000275;2.39778787339684
22.05.2017 01:00;1020.66998291;14.42000008;80.75;2.56923438602058
22.05.2017 02:00;1020.90002441;14.52000046;81.81999969;2.73899275382666
22.05.2017 03:00;1020.66998291;14.14999962;83.75;2.80185364086668
22.05.2017 04:00;1020.5300293;15.27999973;82.65000153;3.12812335589916
22.05.2017 05:00;1020.5300293;15.72000027;74.30000305;2.29540366396455
22.05.2017 06:00;1020.45001221;15.77999973;68.34999847;1.58551497920077
22.05.2017 07:00;1020.38000488;17.54999924;60.79999924;1.18794610970237
22.05.2017 08:00;1020.15002441;18.07999992;61.25;1.41406131948664
22.05.2017 09:00;1020.2199707;19.62000084;53.15000153;0.731153868303444
22.05.2017 10:00;1019.91998291;20.35000038;52.97000122;0.919202360388162
22.05.2017 11:00;1019.63000488;20.60000038;53.02999878;0.997779315996262
22.05.2017 12:00;1019.17498779;21.11499977;52.66499901;1.09151277783271
22.05.2017 13:00;1018.7199707;21.62999916;52.29999924;1.18524623966915
22.05.2017 14:00;1018.20001221;21.81999969;51.47999954;1.08935435340342
22.05.2017 15:00;1017.83001709;21.22999954;55.70000076;1.57851515477194
22.05.2017 16:00;1017.38000488;21.53000069;59.34999847;2.28701914172747
22.05.2017 17:00;1017.08001709;22.64999962;51.84999847;1.40100571917965
22.05.2017 18:00;1017;19.42000008;66.06999969;2.48228996075056
22.05.2017 19:00;1017.08001709;16.96999931;79.43000031;3.31360810382657
22.05.2017 20:00;1017.52001953;14.80000019;90;3.65792661790725
22.05.2017 21:00;1017.38000488;13.14999962;94.09999847;3.37489847101961
22.05.2017 22:00;1017.2199707;12.10000038;94.76999664;2.99852244841181
22.05.2017 23:00;1017.08001709;11.61999989;95.25;2.84827612066406
23.05.2017 00:00;1017.08001709;11.61999989;95.68000031;2.88965331033261
23.05.2017 01:00;1017;11.72000027;97.15000153;3.06829962106521
23.05.2017 02:00;1016.77001953;11.61999989;97.09999847;3.01337751405402
23.05.2017 03:00;1016.77001953;11.02999973;95.94999695;2.67341134533498
23.05.2017 04:00;1017;11.02999973;97.83000183;2.85770264140967
23.05.2017 05:00;1017.08001709;15.75;89.77999878;4.05833422777189
23.05.2017 06:00;1017;17.87000084;77.08000183;3.39861633706509
23.05.2017 07:00;1016.92999268;20.20000076;66.18000031;2.82377288005703
23.05.2017 08:00;1016.70001221;22.28000069;60.11999893;2.70678836460718
23.05.2017 09:00;1016.40002441;22.20000076;51.95000076;1.2301887309963
23.05.2017 10:00;1015.88000488;24.12000084;49.5;1.45708835099456
23.05.2017 11:00;1015.34997559;24.77000046;47.93000031;1.36944404162473
23.05.2017 12:00;1014.9699707;25.47999954;37.08000183;-0.636401689835523
23.05.2017 13:00;1014.75;20.57999992;52.81999969;0.76048025085079
23.05.2017 14:00;1014.67999268;21.35000038;53.45000076;1.1195004140681
23.05.2017 15:00;1014.9699707;18.64999962;74.41999817;3.2956425558916
23.05.2017 16:00;1015.20001221;18.21999931;76.31999969;3.37895723624006
23.05.2017 17:00;1015.27001953;15.55000019;90.81999969;4.01390162377903
23.05.2017 18:00;1015.65002441;15.55000019;90.94999695;4.04523944371107
23.05.2017 19:00;1015.27001953;14.81999969;92.66999817;3.88394105804917
23.05.2017 20:00;1015.65002441;14.32999992;95.91999817;4.03802075700503
23.05.2017 21:00;1016.17999268;14.42000008;96.12000275;4.12577742987816
23.05.2017 22:00;1016.40002441;14.30000019;96.5;4.11990318869773
23.05.2017 23:00;1015.27001953;13.82999992;95.23000336;3.7112709077934
24.05.2017 00:00;1014.67999268;13.85000038;93.41999817;3.49759531158904
24.05.2017 01:00;1013.84997559;14.14999962;89.51999664;3.16395200774948
24.05.2017 02:00;1013.63000488;13.64999962;92.30000305;3.24378336735555
24.05.2017 03:00;1013.63000488;13.05000019;95.68000031;3.34187009206638
24.05.2017 04:00;1013.92999268;13.14999962;95.56999969;3.38666851835367
24.05.2017 05:00;1014.15002441;15.17000008;86.44999695;3.26934146084442
24.05.2017 06:00;1014.45001221;15.06999969;85.48000336;3.12353151894855
24.05.2017 07:00;1014.9699707;13.94999981;95.05000305;3.73429363386696
24.05.2017 08:00;1014.9699707;14.67000008;93.12000275;3.85272006329907
24.05.2017 09:00;1015.04998779;14.88000011;90.44999695;3.64497257553958
24.05.2017 10:00;1014.75;15.38000011;85.56999969;3.28209177703239
24.05.2017 11:00;1014.9699707;13.55000019;85.75;2.55009679651293
24.05.2017 12:00;1014.9699707;13.36999989;93.02999878;3.2564825116336
24.05.2017 13:00;1014.9699707;14.39999962;87.16999817;3.05310759496035
24.05.2017 14:00;1015.34997559;14.69999981;73.09999847;1.57685163754283
24.05.2017 15:00;1016.02001953;13.27000046;76.34999847;1.48874502789388
24.05.2017 16:00;1016.40002441;12.57999992;77.84999847;1.43890618995421
24.05.2017 17:00;1016.70001221;12.77000046;73.37000275;1.05076965737366
24.05.2017 18:00;1016.77001953;12.22000027;74.41999817;0.999782191944696
24.05.2017 19:00;1017.08001709;11.93000031;75.27999878;1.014355692062
24.05.2017 20:00;1017.08001709;11.30000019;80.37999725;1.3199327664915
24.05.2017 21:00;1016.77001953;11.39999962;79.15000153;1.22037279347984
24.05.2017 22:00;1016.63000488;11.52999973;78.27999878;1.16997767725425
24.05.2017 23:00;1016.4699707;10.30000019;90.19999695;1.87904902387848
25.05.2017 00:00;1016.17999268;9.92000008;95.26999664;2.1843550950969
25.05.2017 01:00;1015.88000488;9.92000008;97.40000153;2.3570090571809
25.05.2017 02:00;1015.79998779;10.19999981;97.76999664;2.48758955274012
25.05.2017 03:00;1015.5;10.39999962;97.94999695;2.56515250765496
25.05.2017 04:00;1016.02001953;10.56999969;98.05000305;2.65989256169637
25.05.2017 05:00;1016.33001709;10.85000038;97.98000336;2.7736388084224
25.05.2017 06:00;1016.77001953;11.39999962;97.56999969;2.9699306049588
25.05.2017 07:00;1017.2199707;12.94999981;94.59999847;3.33473635663886
25.05.2017 08:00;1017.83001709;12.94999981;91.62000275;3.04996642023314
25.05.2017 09:00;1018.5;12.69999981;93.59999847;3.17929383155295
25.05.2017 10:00;1018.7199707;12.57999992;93.97000122;3.17660148740006
25.05.2017 11:00;1019.02001953;14.05000019;83.91999817;2.71329738100658
25.05.2017 12:00;1018.7199707;14.22999954;85.09999847;2.90425738152557
25.05.2017 13:00;1018.5;15.06999969;84.84999847;3.21614281420538
25.05.2017 14:00;1018.20001221;15.60000038;88.31999969;3.85532979795056
25.05.2017 15:00;1017.90002441;15.81999969;83.55000305;3.36076445755532
25.05.2017 16:00;1017.90002441;18.18000031;61.91999817;1.45011132049913
25.05.2017 17:00;1018.13000488;17.31999969;59.54999924;0.855994444084672
25.05.2017 18:00;1018.20001221;16.14999962;64.72000122;1.16380346170131
25.05.2017 19:00;1018.7199707;13.52000046;78.62000275;1.92664924218829
25.05.2017 20:00;1018.95001221;11.25;91.77999878;2.45614820662986
25.05.2017 21:00;1019.25;10.85000038;92.15000153;2.35968053650114
25.05.2017 22:00;1019.54998779;10.5;93.80000305;2.39845347021283
25.05.2017 23:00;1019.54998779;11.14999962;94.76999664;2.7248471508209
26.05.2017 00:00;1019.4699707;11.14999962;94;2.64944829938376
26.05.2017 01:00;1019.33001709;10.75;95.33000183;2.61834418317035
26.05.2017 02:00;1019.33001709;10.5;95.37999725;2.53150270618568
26.05.2017 03:00;1019.25;10.18000031;96.98000336;2.55495227280516
26.05.2017 04:00;1019.25;10.75;95.25;2.60768901471175
26.05.2017 05:00;1019.25;11.85000038;93.73000336;2.88150149758313
26.05.2017 06:00;1019.33001709;13.35000038;88.72000122;2.96939132835276
26.05.2017 07:00;1019.54998779;15.92000008;75.59999847;2.4908239741278
26.05.2017 08:00;1019.25;16.93000031;68.34999847;1.93542094031357
26.05.2017 09:00;1019.16998291;16.62999916;64.31999969;1.30662007094865
26.05.2017 10:00;1019.02001953;17.95000076;59.72000122;1.11264184976434
26.05.2017 11:00;1018.79998779;18.04999924;56.95000076;0.750020091408828
26.05.2017 12:00;1018.5;18.57999992;56.25;0.800325778406453
26.05.2017 13:00;1018.13000488;19.87000084;55.33000183;1.05948036919663
26.05.2017 14:00;1017.90002441;19.60000038;53.25;0.646209608334544
26.05.2017 15:00;1017.75;19.14999962;58.65000153;1.30443090469493
26.05.2017 16:00;1017.08001709;19.35000038;57.13000107;1.11819890426106
26.05.2017 17:00;1017.38000488;19.67000008;51.27999878;0.346322993815861
26.05.2017 18:00;1017.52001953;17.46999931;64.80000305;1.58502268964615
26.05.2017 19:00;1018.04998779;15.85000038;77;2.57440914122744
26.05.2017 20:00;1018.65002441;15.35000038;79.59999847;2.71553354602509
26.05.2017 21:00;1018.79998779;14.32999992;85;2.93693848977536
26.05.2017 22:00;1019.33001709;12.55000019;92.26999664;3.0167700457299
26.05.2017 23:00;1019.54998779;13.22999954;91.97000122;3.27407936868919
27.05.2017 00:00;1019.63000488;13.25;93.55000305;3.45309814780887
27.05.2017 01:00;1019.84997559;12.60000038;94.97000122;3.33372861844671
27.05.2017 02:00;1020.38000488;12.27000046;95.84999847;3.3069653244257
27.05.2017 03:00;1020.66998291;11.32999992;96.02999878;2.95900674293791
27.05.2017 04:00;1021.20001221;11.39999962;94.31999969;2.8459653675518
27.05.2017 05:00;1021.58001709;15.30000019;89.94999695;4.04989990791925
27.05.2017 06:00;1021.95001221;16.14999962;79.09999847;3.11703609908243
27.05.2017 07:00;1022.4699707;15.60000038;78.15000153;2.7974632731867
27.05.2017 08:00;1022.91998291;16.04999924;78.94999695;3.09649481559885
27.05.2017 09:00;1023.2199707;16.81999969;71.22000122;2.43130803174362
27.05.2017 10:00;1023.2199707;17.54999924;65.55000305;1.94722083192983
27.05.2017 11:00;1023.5300293;18.79999924;55.43000031;0.953910943895615
27.05.2017 12:00;1023.36999512;19.70000076;48.65000153;0.196208623682182
27.05.2017 13:00;1023.2199707;18.93000031;52.81999969;0.599353758460829
27.05.2017 14:00;1022.7800293;20.35000038;43.54999924;-0.455826845127085
27.05.2017 15:00;1022.91998291;20;47.90000153;0.143050973554601
27.05.2017 16:00;1022.70001221;20.72999954;45.52999878;-0.047505834364685
27.05.2017 17:00;1022.70001221;19.92000008;50.70000076;0.545468428881229
27.05.2017 18:00;1022.7800293;18.64999962;54.27999878;0.712200713682144
27.05.2017 19:00;1023.36999512;15.38000011;79.66999817;2.93002237712642
27.05.2017 20:00;1023.97998047;13.05000019;85.83000183;2.74005831318276
27.05.2017 21:00;1024.34997559;11.60000038;92.94999695;2.92229741644694
27.05.2017 22:00;1024.34997559;10.55000019;95.52999878;2.77314577607251
27.05.2017 23:00;1024.72998047;9.69999981;96.15000153;2.54295436155695
28.05.2017 00:00;1024.65002441;8.92000008;97.40000153;2.38166752487854
28.05.2017 01:00;1024.80004883;7.8499999;96.76999664;2.00159242064841
28.05.2017 02:00;1024.80004883;7.6500001;97.87000275;2.02557334232128
28.05.2017 03:00;1025.32995605;6.8499999;98.75;1.87975933733681
28.05.2017 04:00;1025.25;8.07999992;96.34999847;2.05742271070163
28.05.2017 05:00;1025.25;13.72999954;89.19999695;3.42172870881158
28.05.2017 06:00;1025.40002441;16.12999916;74.87000275;2.72147149948464
28.05.2017 07:00;1025.55004883;18.79999924;64.59999847;2.36795402939495
28.05.2017 08:00;1024.94995117;20.37999916;48.29999924;0.391918429528864
28.05.2017 09:00;1024.34997559;20.97999954;49.41999817;0.722407816322963
28.05.2017 10:00;1023.83001709;21.85000038;44.33000183;0.0980485977636718
28.05.2017 11:00;1023.83001709;22.87999916;42.79999924;0.112509570851344
28.05.2017 12:00;1023.08001709;23.28000069;42.29999924;0.103068308756562
28.05.2017 13:00;1022.61999512;23.89999962;44.54999924;0.695183065314744
28.05.2017 14:00;1021.95001221;24.32999992;39.81999969;-0.120796458858372
28.05.2017 15:00;1021.5;24.21999931;47.52999878;1.33467284999404
28.05.2017 16:00;1021.20001221;24.20000076;46.45000076;1.10514553404983
28.05.2017 17:00;1020.75;24;46.84999847;1.09584503935333
28.05.2017 18:00;1020.66998291;21.81999969;60.22000122;2.68730670543872
28.05.2017 19:00;1020.5300293;18.14999962;71.75;2.92391018324012
28.05.2017 20:00;1020.5300293;15.67000008;87.98000336;3.94243291749619
28.05.2017 21:00;1020.38000488;13.82999992;93.15000153;3.69474159817929
28.05.2017 22:00;1020.2199707;12.77000046;97.15000153;3.64525136822616
28.05.2017 23:00;1020.08001709;11.64999962;97.84999847;3.23569637171292
29.05.2017 00:00;1019.54998779;15.5;97.56999969;3.12594292411629
29.05.2017 01:00;1019.25;10.14999962;98.87000275;2.71074154024031
29.05.2017 02:00;1018.79998779;9.92000008;98.59999847;2.583758351043
29.05.2017 03:00;1018.5;9.60000038;98.90000153;2.48184886586809
29.05.2017 04:00;1018.5;12.64999962;93.84999847;3.18417732132146
29.05.2017 05:00;1018.04998779;18.18000031;73.47000122;3.07683894536588
29.05.2017 06:00;1017.83001709;21.85000038;58.72000122;2.32810671274035
29.05.2017 07:00;1017.52001953;22.64999962;49.65000153;1.0241208912229
29.05.2017 08:00;1017.29998779;23.43000031;46.04999924;0.615701285097096
29.05.2017 09:00;1017.08001709;23.79999924;48.95000076;1.28138347488874
29.05.2017 10:00;1016.4699707;24.77000046;45.59999847;0.946099059610049
29.05.2017 11:00;1016.17999268;25.20000076;45.63000107;1.09293837169121
29.05.2017 12:00;1015.79998779;26.54999924;41.75;0.728444456868232
29.05.2017 13:00;1015.04998779;26.85000038;35.70000076;-0.551599960804623
29.05.2017 14:00;1014.67999268;26.75;40.86999893;0.557740288114701
29.05.2017 15:00;1014.15002441;26.42000008;40;0.234919653354929
29.05.2017 16:00;1013.54998779;26.04999924;46.15000153;1.41410063367531
29.05.2017 17:00;1013.32000732;24.46999931;50.66999817;1.7189853269056
29.05.2017 18:00;1013.17999268;22.78000069;55.09999847;1.87897118385673
29.05.2017 19:00;1013.63000488;19.5;72.59999847;3.36447840318698
29.05.2017 20:00;1013.77001953;19.12000084;75.06999969;3.56044443733702
29.05.2017 21:00;1013.77001953;18.45000076;72.80000305;2.92550637702743
29.05.2017 22:00;1013.54998779;18.85000038;71.94999695;2.9698931242532
29.05.2017 23:00;1013.63000488;18.82999992;76.81999969;3.67286725359414
30.05.2017 00:00;1013.54998779;17.54999924;76.84999847;3.08303857637392
30.05.2017 01:00;1013.17999268;15.85000038;91.43000031;4.1495612709234
30.05.2017 02:00;1013.25;14.13000011;92.94999695;3.51278008662719
30.05.2017 03:00;1013.17999268;14;94.37999725;3.60933131624454
30.05.2017 04:00;1013.32000732;15.97000027;87;3.66653962872692
30.05.2017 05:00;1013.32000732;17.60000038;83.26999664;3.96782655440015
30.05.2017 06:00;1013.54998779;21.64999962;69.81999969;3.96048153516011
30.05.2017 07:00;1013.77001953;22.64999962;70.94999695;4.69351417894433
30.05.2017 08:00;1012.95001221;25.54999924;51.84999847;2.39349698227228
30.05.2017 09:00;1013.02001953;26.39999962;50.95000076;2.57974558915504
30.05.2017 10:00;1013.17999268;27.75;51.56999969;3.36184706049325
30.05.2017 11:00;1013.02001953;28.28000069;46.77999878;2.46527664110843
30.05.2017 12:00;1012.65002441;28.81999969;45.40000153;2.35449092694007
30.05.2017 13:00;1011.82000732;29.12999916;43.77000046;2.05044543670088
30.05.2017 14:00;1011.59997559;29.14999962;43.65000153;2.02019366038491
30.05.2017 15:00;1011.45001221;24.10000038;77.47000122;6.6938451176157
30.05.2017 16:00;1011.90002441;22.70000076;67.62000275;4.04717130903203
30.05.2017 17:00;1013.84997559;18.46999931;86.87000275;4.94395351829129
30.05.2017 18:00;1015.34997559;18.32999992;89.40000153;5.28637968122034
30.05.2017 19:00;1015.88000488;17.95000076;92.09999847;5.46988381601597
30.05.2017 20:00;1014.29998779;18.21999931;91.23000336;5.43906279453933
30.05.2017 21:00;1012.5;18.93000031;84.84999847;4.84999158804331
30.05.2017 22:00;1013.54998779;18.85000038;84.37999725;4.78038406380313
30.05.2017 23:00;1014.45001221;18.07999992;91.77999878;5.44169946846485
31.05.2017 00:00;1013.92999268;19.39999962;78.15000153;4.16363616321895
31.05.2017 01:00;1014.07000732;18.32999992;85.19999695;4.63999805943796
31.05.2017 02:00;1013.84997559;18.07999992;86.59999847;4.69448418445352
31.05.2017 03:00;1014.29998779;17.68000031;89.22000122;4.85917194965238
31.05.2017 04:00;1015.20001221;17.43000031;90.81999969;4.9769016585628
31.05.2017 05:00;1015.65002441;17.96999931;90.87999725;5.30278513659514
31.05.2017 06:00;1016.09997559;20.37999916;77.94999695;4.73382608368501
31.05.2017 07:00;1016.40002441;21.04999924;76.44999695;4.86740960868212
31.05.2017 08:00;1016.77001953;21.45000076;74.59999847;4.79285555354945
31.05.2017 09:00;1017.2199707;22.10000038;71.25;4.58775787959065
31.05.2017 10:00;1017.52001953;20.25;81.23000336;5.23772730916773
31.05.2017 11:00;1017.2199707;22.20000076;67.05000305;3.90608419764378
31.05.2017 12:00;1017.08001709;23.10000038;63.47999954;3.70357993867987
31.05.2017 13:00;1016.77001953;24.21999931;58.47000122;3.27989340651676
31.05.2017 14:00;1016.63000488;23.95000076;58.95000076;3.24065262743181
31.05.2017 15:00;1016.4699707;23.25;58.97000122;2.91747689621293
31.05.2017 16:00;1016.4699707;22.85000038;56.09999847;2.22007291152202
31.05.2017 17:00;1016.63000488;22.54999924;55.29999924;1.96213255410687
31.05.2017 18:00;1016.70001221;20.54999924;59.29999924;1.86626915089267
31.05.2017 19:00;1017.38000488;18.45000076;64.02999878;1.82315012368903
31.05.2017 20:00;1017.90002441;16.53000069;75.81999969;2.69270156142596
31.05.2017 21:00;1017.90002441;14.69999981;81.62000275;2.66320671204466
